sitename,county,aqi,pollutant,status,so2,co,o3,o3_8hr,pm10,pm2.5,no2,nox,no,windspeed,winddirec,datacreationdate,unit,co_8hr,pm2.5_avg,pm10_avg,so2_avg,longitude,latitude,siteid
新竹,新竹市,67,細懸浮微粒,普通,0.7,0.21,26,23,2,7,8,8.5,0.4,0.9,127,"2025-02-01 01:00",,0.3,18,22,1,120.97236752,24.8056356,24
新竹,新竹市,56,細懸浮微粒,普通,1.4,0.18,29,23,0,3,5,5.9,0.7,1,66,"2025-02-01 02:00",,0.3,14,16,1,120.97236752,24.8056356,24
新竹,新竹市,43,,良好,1.1,0.17,29,24,0,2,5,5.5,0.3,0.7,67,"2025-02-01 03:00",,0.2,11,11,1,120.97236752,24.8056356,24
新竹,新竹市,38,,良好,1.1,0.16,28,25,0,5,3,3.8,0.5,0.8,74,"2025-02-01 04:00",,0.2,9,8,1,120.97236752,24.8056356,24
新竹,新竹市,30,,良好,1.2,0.17,22,24,1,3,5,5.1,0.5,0.7,25,"2025-02-01 06:00",,0.2,8,6,1,120.97236752,24.8056356,24
新竹,新竹市,33,,良好,1.4,0.17,24,24,1,4,4,4.4,0.3,0.5,58,"2025-02-01 05:00",,0.2,8,6,1,120.97236752,24.8056356,24
新竹,新竹市,28,,良好,1.2,0.21,18,25,3,2,6,6.8,0.4,0.3,122,"2025-02-01 07:00",,0.1,7,6,1,120.97236752,24.8056356,24
新竹,新竹市,26,,良好,1.5,0.32,13,24,2,3,11,13.6,2.2,1.3,294,"2025-02-01 08:00",,0.1,6,5,1,120.97236752,24.8056356,24
新竹,新竹市,25,,良好,1.6,0.27,19,23,11,11,10,13,3.2,0.3,285,"2025-02-01 09:00",,0.2,6,5,1,120.97236752,24.8056356,24
新竹,新竹市,26,,良好,1.6,0.29,19,22,14,9,12,15.1,3.6,0.3,103,"2025-02-01 10:00",,0.2,6,6,1,120.97236752,24.8056356,24
新竹,新竹市,33,,良好,1.9,0.41,18,20,17,12,14,19.2,4.8,0.3,51,"2025-02-01 11:00",,0.2,7,8,1,120.97236752,24.8056356,24
新竹,新竹市,37,,良好,1.9,0.34,28,20,16,16,11,16.1,4.6,1.9,285,"2025-02-01 12:00",,0.2,9,10,1,120.97236752,24.8056356,24
新竹,新竹市,42,,良好,2,0.27,34,21,21,18,8,10.4,2.3,1.7,290,"2025-02-01 13:00",,0.2,10,12,1,120.97236752,24.8056356,24
新竹,新竹市,52,細懸浮微粒,普通,2.1,0.31,40,24,22,22,8,10.4,1.8,1.7,40,"2025-02-01 14:00",,0.3,13,14,1,120.97236752,24.8056356,24
新竹,新竹市,55,細懸浮微粒,普通,2.4,0.24,44,27,21,16,7,8.1,1.3,3.4,31,"2025-02-01 15:00",,0.3,14,15,1,120.97236752,24.8056356,24
新竹,新竹市,55,細懸浮微粒,普通,2,0.23,43,31,21,13,6,7.4,1,2.9,35,"2025-02-01 16:00",,0.2,14,16,1,120.97236752,24.8056356,24
新竹,新竹市,56,細懸浮微粒,普通,1.4,0.21,41,33,19,17,6,6.9,0.7,3.1,46,"2025-02-01 17:00",,0.2,14,17,1,120.97236752,24.8056356,24
新竹,新竹市,55,細懸浮微粒,普通,1.6,0.28,38,36,28,14,7,7.4,0.4,3.5,32,"2025-02-01 18:00",,0.2,14,19,1,120.97236752,24.8056356,24
新竹,新竹市,56,細懸浮微粒,普通,1.4,0.34,35,38,26,15,7,7.2,0.6,4.6,34,"2025-02-01 19:00",,0.2,14,20,1,120.97236752,24.8056356,24
新竹,新竹市,59,細懸浮微粒,普通,1.3,0.31,38,39,8,18,5,5.8,0.4,2.6,60,"2025-02-01 20:00",,0.2,16,19,1,120.97236752,24.8056356,24
新竹,新竹市,54,細懸浮微粒,普通,1.2,0.3,35,39,12,5,7,7.6,0.5,3.2,35,"2025-02-01 21:00",,0.2,14,18,1,120.97236752,24.8056356,24
新竹,新竹市,52,細懸浮微粒,普通,1.5,0.27,35,39,14,7,6,6.4,0.5,4.1,30,"2025-02-01 22:00",,0.2,13,16,1,120.97236752,24.8056356,24
新竹,新竹市,47,,良好,1.5,0.26,35,38,8,8,5,5.4,0.4,3.4,35,"2025-02-01 23:00",,0.2,12,14,1,120.97236752,24.8056356,24
新竹,新竹市,41,,良好,1.5,0.23,35,37,4,8,5,5.5,0.4,2.7,51,"2025-02-02 00:00",,0.2,10,13,1,120.97236752,24.8056356,24
新竹,新竹市,39,,良好,1.8,0.22,35,36,7,5,5,5.3,0.4,3.3,25,"2025-02-02 01:00",,0.2,10,12,1,120.97236752,24.8056356,24
新竹,新竹市,35,,良好,0.8,0.2,35,35,9,5,5,5,0.2,2.4,50,"2025-02-02 02:00",,0.2,9,10,1,120.97236752,24.8056356,24
新竹,新竹市,33,,良好,0.8,0.21,32,35,9,7,5,5.5,0.2,1,35,"2025-02-02 03:00",,0.2,8,10,1,120.97236752,24.8056356,24
新竹,新竹市,31,,良好,1,0.21,31,34,5,6,7,6.9,0.3,2.3,34,"2025-02-02 04:00",,0.2,8,9,1,120.97236752,24.8056356,24
新竹,新竹市,31,,良好,1.2,0.18,40,35,6,8,4,3.9,0.4,3.2,33,"2025-02-02 05:00",,0.2,8,9,1,120.97236752,24.8056356,24
新竹,新竹市,32,,良好,0.9,0.18,40,35,8,7,3,3.2,0.1,3.6,27,"2025-02-02 06:00",,0.2,8,8,1,120.97236752,24.8056356,24
新竹,新竹市,32,,良好,0.9,0.18,40,36,8,6,3,3.2,0.1,3.6,30,"2025-02-02 07:00",,0.2,7,7,1,120.97236752,24.8056356,24
新竹,新竹市,33,,良好,1,0.2,39,36,16,9,4,3.7,0.2,3,34,"2025-02-02 08:00",,0.1,7,9,1,120.97236752,24.8056356,24
新竹,新竹市,33,,良好,1.3,0.22,37,37,14,5,5,4.9,0.2,3,32,"2025-02-02 09:00",,0.1,7,10,1,120.97236752,24.8056356,24
新竹,新竹市,33,,良好,1.1,0.22,37,37,16,1,5,5.2,0.4,3,32,"2025-02-02 10:00",,0.2,6,11,1,120.97236752,24.8056356,24
新竹,新竹市,34,,良好,1.5,0.23,37,38,16,5,6,6,0.4,2.9,42,"2025-02-02 11:00",,0.2,6,12,1,120.97236752,24.8056356,24
新竹,新竹市,35,,良好,1.2,0.24,36,38,14,12,6,6.4,0.6,2.7,50,"2025-02-02 12:00",,0.2,6,12,1,120.97236752,24.8056356,24
新竹,新竹市,34,,良好,1.1,0.23,37,38,16,12,5,6.2,0.8,2,32,"2025-02-02 13:00",,0.2,7,13,1,120.97236752,24.8056356,24
新竹,新竹市,36,,良好,1.1,0.24,38,38,13,13,6,6,0.5,2.6,34,"2025-02-02 14:00",,0.2,9,13,1,120.97236752,24.8056356,24
新竹,新竹市,41,,良好,1.3,0.25,37,37,20,12,6,6.5,0.4,3.5,33,"2025-02-02 15:00",,0.2,10,14,1,120.97236752,24.8056356,24
新竹,新竹市,40,,良好,1.1,0.25,38,37,15,10,6,6.6,0.5,3.5,33,"2025-02-02 16:00",,0.2,10,14,1,120.97236752,24.8056356,24
新竹,新竹市,40,,良好,1.1,0.25,38,37,19,11,6,6.1,0.3,3.1,37,"2025-02-02 17:00",,0.2,10,15,1,120.97236752,24.8056356,24
新竹,新竹市,37,,良好,1,0.26,37,37,16,7,6,6.5,0.2,2.4,42,"2025-02-02 18:00",,0.2,9,16,1,120.97236752,24.8056356,24
新竹,新竹市,35,,良好,1.1,0.28,35,37,14,8,8,8.3,0.4,2.1,62,"2025-02-02 19:00",,0.2,9,15,1,120.97236752,24.8056356,24
新竹,新竹市,37,,良好,1.1,0.27,36,37,16,12,7,7.4,0.3,2.8,37,"2025-02-02 20:00",,0.2,9,16,1,120.97236752,24.8056356,24
新竹,新竹市,38,,良好,1.2,0.28,35,37,17,10,7,7.7,0.3,2.3,40,"2025-02-02 21:00",,0.2,9,15,1,120.97236752,24.8056356,24
新竹,新竹市,40,,良好,1.4,0.28,37,37,8,9,6,6.5,0.1,2.7,29,"2025-02-02 22:00",,0.2,10,14,1,120.97236752,24.8056356,24
新竹,新竹市,43,,良好,1.2,0.26,37,37,12,12,6,5.9,0,1.9,28,"2025-02-02 23:00",,0.2,11,14,1,120.97236752,24.8056356,24
新竹,新竹市,42,,良好,1.3,0.24,36,36,12,11,6,6,0.2,3.2,31,"2025-02-03 00:00",,0.2,10,13,1,120.97236752,24.8056356,24
新竹,新竹市,41,,良好,1.2,0.23,41,37,8,8,4,4.1,0.1,3.1,28,"2025-02-03 01:00",,0.2,10,12,1,120.97236752,24.8056356,24
新竹,新竹市,38,,良好,2.2,0.24,43,38,4,6,3,4.1,0.7,3.2,28,"2025-02-03 02:00",,0.2,9,11,1,120.97236752,24.8056356,24
新竹,新竹市,35,,良好,2.3,0.24,43,38,2,5,3,3.9,0.6,3.3,24,"2025-02-03 03:00",,0.2,8,9,1,120.97236752,24.8056356,24
新竹,新竹市,36,,良好,2.3,0.23,43,39,6,7,3,4.1,0.7,3.6,31,"2025-02-03 04:00",,0.2,8,8,1,120.97236752,24.8056356,24
新竹,新竹市,39,,良好,2.3,0.23,44,42,5,7,4,4.4,0.5,3.8,39,"2025-02-03 07:00",,0.2,8,6,1,120.97236752,24.8056356,24
新竹,新竹市,39,,良好,2.7,0.23,41,43,10,10,4,5.3,0.7,3.2,35,"2025-02-03 08:00",,0.2,8,7,1,120.97236752,24.8056356,24
新竹,新竹市,39,,良好,3,0.26,39,43,6,9,5,6.2,0.8,3.1,32,"2025-02-03 09:00",,0.2,8,6,1,120.97236752,24.8056356,24
新竹,新竹市,38,,良好,3.1,0.3,36,42,15,11,7,7.6,0.7,4.4,27,"2025-02-03 10:00",,0.2,9,8,1,120.97236752,24.8056356,24
新竹,新竹市,42,,良好,3.4,0.32,34,41,19,18,8,8.6,0.9,3.2,30,"2025-02-03 11:00",,0.2,10,10,1,120.97236752,24.8056356,24
新竹,新竹市,44,,良好,3.3,0.32,34,39,13,14,8,9.2,1.2,4.2,30,"2025-02-03 12:00",,0.2,11,10,1,120.97236752,24.8056356,24
新竹,新竹市,45,,良好,3.4,0.32,34,38,9,10,7,8.3,1,4,32,"2025-02-03 13:00",,0.2,11,11,1,120.97236752,24.8056356,24
新竹,新竹市,46,,良好,3.6,0.33,34,37,18,12,7,7.5,0.8,4.4,29,"2025-02-03 14:00",,0.2,12,12,2,120.97236752,24.8056356,24
新竹,新竹市,47,,良好,3.4,0.36,34,36,16,15,7,7.9,0.9,3.9,31,"2025-02-03 15:00",,0.3,12,12,2,120.97236752,24.8056356,24
新竹,新竹市,52,細懸浮微粒,普通,3.5,0.36,39,36,23,20,7,7.7,0.9,4.3,25,"2025-02-03 16:00",,0.3,13,14,2,120.97236752,24.8056356,24
新竹,新竹市,49,,良好,3.5,0.37,41,36,18,5,7,8.3,0.8,4.1,36,"2025-02-03 17:00",,0.3,12,15,2,120.97236752,24.8056356,24
新竹,新竹市,55,細懸浮微粒,普通,3.5,0.43,41,37,20,22,7,7.9,0.9,3.5,30,"2025-02-03 18:00",,0.3,14,16,2,120.97236752,24.8056356,24
新竹,新竹市,60,細懸浮微粒,普通,3.5,0.45,39,37,28,24,8,9.3,0.7,3.8,28,"2025-02-03 19:00",,0.3,16,19,2,120.97236752,24.8056356,24
新竹,新竹市,65,細懸浮微粒,普通,3.5,0.42,39,38,28,27,8,9,0.7,3.6,39,"2025-02-03 20:00",,0.3,18,20,2,120.97236752,24.8056356,24
新竹,新竹市,72,細懸浮微粒,普通,3.6,0.42,40,38,29,21,8,8.2,0.7,3.8,27,"2025-02-03 21:00",,0.3,20,22,2,120.97236752,24.8056356,24
新竹,新竹市,73,細懸浮微粒,普通,3.6,0.43,39,39,24,23,8,8.8,0.7,3.6,27,"2025-02-03 22:00",,0.4,21,23,2,120.97236752,24.8056356,24
新竹,新竹市,72,細懸浮微粒,普通,3.6,0.4,40,40,24,20,7,7.3,0.6,4.3,32,"2025-02-03 23:00",,0.4,20,23,2,120.97236752,24.8056356,24
新竹,新竹市,70,細懸浮微粒,普通,3.5,0.31,41,40,25,20,5,5.8,0.8,3,36,"2025-02-04 00:00",,0.4,20,23,3,120.97236752,24.8056356,24
新竹,新竹市,71,細懸浮微粒,普通,3.4,0.27,42,40,28,19,5,5.4,0.6,4.2,29,"2025-02-04 01:00",,0.3,20,24,3,120.97236752,24.8056356,24
新竹,新竹市,71,細懸浮微粒,普通,1.8,0.26,43,40,30,21,5,5.1,0.4,4.1,32,"2025-02-04 02:00",,0.3,20,25,3,120.97236752,24.8056356,24
新竹,新竹市,71,細懸浮微粒,普通,1.7,0.26,44,41,28,19,4,4.4,0.5,3,37,"2025-02-04 03:00",,0.3,20,26,3,120.97236752,24.8056356,24
新竹,新竹市,69,細懸浮微粒,普通,1.9,0.25,43,41,25,15,4,4.2,0.4,4.1,43,"2025-02-04 04:00",,0.3,19,26,3,120.97236752,24.8056356,24
新竹,新竹市,69,細懸浮微粒,普通,1.9,0.25,42,42,30,16,4,5,0.4,3.9,42,"2025-02-04 05:00",,0.3,19,27,3,120.97236752,24.8056356,24
新竹,新竹市,68,細懸浮微粒,普通,1.9,0.27,40,42,24,18,6,5.8,0.3,3.9,48,"2025-02-04 06:00",,0.2,19,26,3,120.97236752,24.8056356,24
新竹,新竹市,66,細懸浮微粒,普通,2,0.29,38,42,32,17,6,6.9,0.3,2.8,43,"2025-02-04 07:00",,0.2,18,27,3,120.97236752,24.8056356,24
新竹,新竹市,69,細懸浮微粒,普通,2.1,0.35,36,41,37,23,9,10.1,0.7,3.8,45,"2025-02-04 08:00",,0.2,19,29,2,120.97236752,24.8056356,24
新竹,新竹市,77,細懸浮微粒,普通,2,0.39,37,40,50,36,10,11.9,1.5,4,52,"2025-02-04 09:00",,0.2,22,32,2,120.97236752,24.8056356,24
新竹,新竹市,81,細懸浮微粒,普通,1.8,0.37,39,40,50,29,10,12.2,2.3,4,40,"2025-02-04 10:00",,0.3,24,37,2,120.97236752,24.8056356,24
新竹,新竹市,86,細懸浮微粒,普通,1.6,0.36,42,40,42,28,9,11.6,2.3,4,41,"2025-02-04 11:00",,0.3,25,39,2,120.97236752,24.8056356,24
新竹,新竹市,37,,良好,2.4,0.23,43,40,5,5,3,4,0.5,1.8,33,"2025-02-03 05:00",,0.2,7,7,1,120.97236752,24.8056356,24
新竹,新竹市,38,,良好,2.4,0.23,44,41,6,8,4,4.4,0.7,2.5,37,"2025-02-03 06:00",,0.2,7,6,1,120.97236752,24.8056356,24
新竹,新竹市,89,細懸浮微粒,普通,0.9,0.34,45,40,43,28,9,10.8,2.1,5.4,30,"2025-02-04 12:00",,0.3,26,40,2,120.97236752,24.8056356,24
新竹,新竹市,85,細懸浮微粒,普通,0.4,0.3,48,41,48,23,6,7.4,1.3,4.7,36,"2025-02-04 13:00",,0.3,25,41,2,120.97236752,24.8056356,24
新竹,新竹市,86,細懸浮微粒,普通,0.3,0.31,49,42,46,29,6,7.1,1.2,4.2,31,"2025-02-04 14:00",,0.3,25,41,2,120.97236752,24.8056356,24
新竹,新竹市,85,細懸浮微粒,普通,0.7,0.31,50,43,47,24,6,7.1,1.1,5.1,29,"2025-02-04 15:00",,0.3,25,42,2,120.97236752,24.8056356,24
新竹,新竹市,86,細懸浮微粒,普通,0.3,0.33,49,45,63,28,6,7.1,0.8,4,34,"2025-02-04 16:00",,0.3,25,46,2,120.97236752,24.8056356,24
新竹,新竹市,91,細懸浮微粒,普通,0.2,0.36,48,46,47,32,8,8.4,0.9,4,36,"2025-02-04 17:00",,0.3,27,47,2,120.97236752,24.8056356,24
新竹,新竹市,94,細懸浮微粒,普通,0.6,0.38,45,47,46,32,9,9.7,0.5,3.6,41,"2025-02-04 18:00",,0.3,28,48,1,120.97236752,24.8056356,24
新竹,新竹市,98,細懸浮微粒,普通,0.8,0.4,44,47,46,31,10,10.4,0.5,3.4,60,"2025-02-04 19:00",,0.3,30,48,1,120.97236752,24.8056356,24
新竹,新竹市,99,細懸浮微粒,普通,1.3,0.39,42,47,42,30,11,11.6,0.5,2.8,42,"2025-02-04 20:00",,0.3,30,46,1,120.97236752,24.8056356,24
新竹,新竹市,98,細懸浮微粒,普通,1.7,0.4,40,46,41,30,12,12.8,0.4,3.1,50,"2025-02-04 21:00",,0.3,30,45,1,120.97236752,24.8056356,24
新竹,新竹市,93,細懸浮微粒,普通,2.1,0.33,43,45,34,21,11,11.5,0.4,2.8,55,"2025-02-04 22:00",,0.3,28,43,1,120.97236752,24.8056356,24
新竹,新竹市,88,細懸浮微粒,普通,1.7,0.29,44,44,24,19,8,8.9,0.3,2.5,37,"2025-02-04 23:00",,0.3,26,39,1,120.97236752,24.8056356,24
新竹,新竹市,84,細懸浮微粒,普通,1.4,0.29,43,44,21,20,8,8.2,0.3,2.5,43,"2025-02-05 00:00",,0.3,24,36,1,120.97236752,24.8056356,24
新竹,新竹市,76,細懸浮微粒,普通,2,0.27,43,43,24,14,6,6.3,0.5,2.3,42,"2025-02-05 02:00",,0.3,22,31,1,120.97236752,24.8056356,24
新竹,新竹市,81,細懸浮微粒,普通,1.5,0.28,44,43,26,,7,7,0.4,2.1,48,"2025-02-05 01:00",,0.3,23,33,1,120.97236752,24.8056356,24
新竹,新竹市,74,細懸浮微粒,普通,1.8,0.25,42,42,23,20,6,7.2,0.7,1.6,48,"2025-02-05 04:00",,0.2,21,28,1,120.97236752,24.8056356,24
新竹,新竹市,75,細懸浮微粒,普通,1.8,0.26,42,42,23,18,6,7,0.6,1.9,43,"2025-02-05 03:00",,0.3,21,29,1,120.97236752,24.8056356,24
新竹,新竹市,73,細懸浮微粒,普通,2,0.25,41,42,22,21,6,7.1,0.5,1.6,52,"2025-02-05 05:00",,0.2,21,27,1,120.97236752,24.8056356,24
新竹,新竹市,72,細懸浮微粒,普通,2.2,0.27,38,42,29,15,8,7.9,0.4,1.4,44,"2025-02-05 06:00",,0.2,20,26,1,120.97236752,24.8056356,24
新竹,新竹市,72,細懸浮微粒,普通,2.2,0.29,34,41,27,21,12,12.5,0.6,1.9,53,"2025-02-05 07:00",,0.2,20,26,1,120.97236752,24.8056356,24
新竹,新竹市,70,細懸浮微粒,普通,2.2,0.36,31,39,30,19,15,17,1.5,1.4,49,"2025-02-05 08:00",,0.2,19,27,1,120.97236752,24.8056356,24
新竹,新竹市,68,細懸浮微粒,普通,2.1,0.43,31,38,33,19,17,20.1,2.7,2.1,43,"2025-02-05 09:00",,0.2,19,28,1,120.97236752,24.8056356,24
新竹,新竹市,66,細懸浮微粒,普通,2.1,0.33,36,37,26,13,13,16.1,2.8,2.9,45,"2025-02-05 10:00",,0.3,18,27,1,120.97236752,24.8056356,24
新竹,新竹市,62,細懸浮微粒,普通,1.6,0.31,39,36,26,11,11,12.9,2.3,1.9,61,"2025-02-05 11:00",,0.3,16,27,1,120.97236752,24.8056356,24
新竹,新竹市,58,細懸浮微粒,普通,0.9,0.29,42,36,21,11,10,11.5,2,1.7,33,"2025-02-05 12:00",,0.3,15,26,1,120.97236752,24.8056356,24
新竹,新竹市,54,細懸浮微粒,普通,0.6,0.27,46,37,22,11,10,11.6,2.1,1.8,35,"2025-02-05 13:00",,0.3,14,24,1,120.97236752,24.8056356,24
新竹,新竹市,55,細懸浮微粒,普通,0.4,0.27,48,38,24,14,9,10.4,1.6,1.8,40,"2025-02-05 14:00",,0.3,14,24,1,120.97236752,24.8056356,24
新竹,新竹市,53,細懸浮微粒,普通,0.5,0.28,46,40,22,10,10,11.2,1.3,1.9,44,"2025-02-05 15:00",,0.3,13,23,1,120.97236752,24.8056356,24
新竹,新竹市,53,細懸浮微粒,普通,0.6,0.28,40,41,22,12,11,12.9,1.4,2,47,"2025-02-05 16:00",,0.3,13,23,1,120.97236752,24.8056356,24
新竹,新竹市,52,細懸浮微粒,普通,0.4,0.32,33,41,23,11,15,16.2,1.3,1.7,46,"2025-02-05 17:00",,0.2,13,24,1,120.97236752,24.8056356,24
新竹,新竹市,53,細懸浮微粒,普通,0.3,0.39,26,40,30,18,20,21.1,1.3,1.8,45,"2025-02-05 18:00",,0.3,13,24,1,120.97236752,24.8056356,24
新竹,新竹市,55,細懸浮微粒,普通,0.3,0.43,22,38,29,15,21,22.1,1,1.3,45,"2025-02-05 19:00",,0.3,14,25,1,120.97236752,24.8056356,24
新竹,新竹市,54,細懸浮微粒,普通,0.5,0.42,22,36,24,12,20,20.8,0.9,1.1,36,"2025-02-05 20:00",,0.3,14,25,1,120.97236752,24.8056356,24
新竹,新竹市,54,細懸浮微粒,普通,0.8,0.47,16,32,26,14,24,24.6,1.1,1,46,"2025-02-05 21:00",,0.3,14,25,1,120.97236752,24.8056356,24
新竹,新竹市,52,細懸浮微粒,普通,1,0.4,21,28,22,13,21,22.2,1.1,1.1,73,"2025-02-05 22:00",,0.3,13,24,1,120.97236752,24.8056356,24
新竹,新竹市,51,細懸浮微粒,普通,0.5,0.38,23,26,17,11,16,16.4,0.8,0.6,37,"2025-02-05 23:00",,0.3,12,22,1,120.97236752,24.8056356,24
新竹,新竹市,52,細懸浮微粒,普通,0.7,0.35,21,23,16,13,15,16,0.5,0.4,53,"2025-02-06 00:00",,0.3,13,21,1,120.97236752,24.8056356,24
新竹,新竹市,56,細懸浮微粒,普通,0.8,0.3,23,22,,22,13,13.6,0.6,0.8,45,"2025-02-06 01:00",,0.3,14,20,1,120.97236752,24.8056356,24
新竹,新竹市,54,細懸浮微粒,普通,1.7,0.26,26,22,21,9,9,9.5,0.4,0.7,46,"2025-02-06 02:00",,0.3,14,20,1,120.97236752,24.8056356,24
新竹,新竹市,53,細懸浮微粒,普通,1.5,0.27,24,22,9,10,10,10.9,0.4,0.4,21,"2025-02-06 03:00",,0.3,13,18,1,120.97236752,24.8056356,24
新竹,新竹市,53,細懸浮微粒,普通,1.4,0.25,27,23,14,11,8,8.8,0.4,0.8,48,"2025-02-06 04:00",,0.3,13,17,1,120.97236752,24.8056356,24
新竹,新竹市,54,細懸浮微粒,普通,1.4,0.25,27,24,24,23,9,9.2,0.3,0.9,47,"2025-02-06 05:00",,0.3,14,19,1,120.97236752,24.8056356,24
新竹,新竹市,53,細懸浮微粒,普通,1.4,0.25,26,25,12,8,8,8.3,0.3,0.3,68,"2025-02-06 06:00",,0.2,13,17,1,120.97236752,24.8056356,24
新竹,新竹市,54,細懸浮微粒,普通,1.3,0.26,25,25,10,13,10,10.6,0.3,0.4,44,"2025-02-06 07:00",,0.2,14,16,1,120.97236752,24.8056356,24
新竹,新竹市,53,細懸浮微粒,普通,1.3,0.38,18,25,16,10,16,17.5,1,0.9,67,"2025-02-06 08:00",,0.2,13,16,1,120.97236752,24.8056356,24
新竹,新竹市,50,,良好,1.4,0.43,17,24,8,10,21,23.6,2.5,1,69,"2025-02-06 09:00",,0.2,12,13,0,120.97236752,24.8056356,24
新竹,新竹市,51,二氧化氮,普通,1.7,0.46,16,22,19,11,23,26.3,3.5,1,61,"2025-02-06 10:00",,0.3,12,14,0,120.97236752,24.8056356,24
新竹,新竹市,45,,良好,1.7,0.4,23,22,13,8,20,23.7,3.8,1.3,53,"2025-02-06 11:00",,0.3,11,14,0,120.97236752,24.8056356,24
新竹,新竹市,44,,良好,,0.37,27,22,16,,17,21.2,3.9,0.9,23,"2025-02-06 12:00",,0.3,11,14,0,120.97236752,24.8056356,24
新竹,新竹市,42,,良好,1.1,0.34,12,21,,,14,17.4,3.5,0.9,99,"2025-02-06 13:00",,0.3,10,15,0,120.97236752,24.8056356,24
新竹,新竹市,47,,良好,1,0.33,24,20,13,15,12,14.2,2.1,0.5,285,"2025-02-06 14:00",,0.3,12,14,1,120.97236752,24.8056356,24
新竹,新竹市,53,細懸浮微粒,普通,0.9,0.36,32,21,23,13,13,14.4,1.3,1.3,290,"2025-02-06 15:00",,0.3,13,16,1,120.97236752,24.8056356,24
新竹,新竹市,54,細懸浮微粒,普通,0.9,0.36,32,23,21,16,14,15.2,1.1,0.5,46,"2025-02-06 16:00",,0.3,14,17,1,120.97236752,24.8056356,24
新竹,新竹市,53,細懸浮微粒,普通,1.4,0.4,22,23,21,15,20,21.4,1.2,1.4,38,"2025-02-06 17:00",,0.3,13,17,1,120.97236752,24.8056356,24
新竹,新竹市,55,細懸浮微粒,普通,1,0.48,17,24,20,17,25,25.7,1,0.6,39,"2025-02-06 18:00",,0.3,14,18,1,120.97236752,24.8056356,24
新竹,新竹市,57,細懸浮微粒,普通,0.9,0.56,11,22,27,17,28,28.7,0.9,1.2,53,"2025-02-06 19:00",,0.4,15,20,1,120.97236752,24.8056356,24
新竹,新竹市,59,細懸浮微粒,普通,1.4,0.6,7,20,21,18,32,33.6,1.3,1.3,35,"2025-02-06 20:00",,0.4,15,20,1,120.97236752,24.8056356,24
新竹,新竹市,59,細懸浮微粒,普通,0.9,0.49,10,19,18,15,29,29.9,1.3,1.4,49,"2025-02-06 21:00",,0.4,16,20,1,120.97236752,24.8056356,24
新竹,新竹市,59,細懸浮微粒,普通,0.5,0.46,17,19,14,15,20,20.9,0.6,1,29,"2025-02-06 22:00",,0.4,16,19,1,120.97236752,24.8056356,24
新竹,新竹市,58,細懸浮微粒,普通,0.6,0.36,24,18,11,11,16,16.8,0.5,1.6,29,"2025-02-06 23:00",,0.4,15,17,1,120.97236752,24.8056356,24
新竹,新竹市,48,,良好,0.9,0.24,38,25,7,11,6,6.8,0.8,1.5,43,"2025-02-07 03:00",,0.3,12,13,1,120.97236752,24.8056356,24
新竹,新竹市,48,,良好,1.2,0.24,41,22,10,8,5,5.9,0.7,1.1,59,"2025-02-07 02:00",,0.4,12,14,1,120.97236752,24.8056356,24
新竹,新竹市,53,細懸浮微粒,普通,1.3,0.24,36,19,12,9,9,9.5,0.2,2.1,40,"2025-02-07 01:00",,0.4,13,14,1,120.97236752,24.8056356,24
新竹,新竹市,56,細懸浮微粒,普通,1,0.26,30,17,11,13,12,12.3,0.2,0.6,47,"2025-02-07 00:00",,0.4,14,15,1,120.97236752,24.8056356,24
新竹,新竹市,43,,良好,1,0.26,38,29,4,6,6,6.9,0.7,3.2,28,"2025-02-07 04:00",,0.3,11,11,1,120.97236752,24.8056356,24
新竹,新竹市,40,,良好,1,0.26,43,33,0,6,4,5.3,0.8,4.4,30,"2025-02-07 05:00",,0.2,10,9,1,120.97236752,24.8056356,24
新竹,新竹市,36,,良好,1,0.26,43,37,0,5,4,4.5,0.6,3.3,41,"2025-02-07 06:00",,0.2,9,7,1,120.97236752,24.8056356,24
新竹,新竹市,35,,良好,1.4,0.27,42,39,5,5,5,6.2,0.7,4,33,"2025-02-07 07:00",,0.2,8,5,1,120.97236752,24.8056356,24
新竹,新竹市,36,,良好,1.8,0.3,39,40,4,6,8,8.5,0.8,3.5,20,"2025-02-07 08:00",,0.2,7,5,1,120.97236752,24.8056356,24
新竹,新竹市,37,,良好,2.1,0.31,37,40,3,7,10,11,0.9,4.1,28,"2025-02-07 09:00",,0.2,7,4,1,120.97236752,24.8056356,24
新竹,新竹市,36,,良好,2.2,0.27,38,40,7,4,9,9.9,1.2,3.5,30,"2025-02-07 10:00",,0.2,6,5,1,120.97236752,24.8056356,24
新竹,新竹市,36,,良好,2.1,0.29,35,40,8,5,10,12.1,1.7,3.2,38,"2025-02-07 11:00",,0.2,6,5,1,120.97236752,24.8056356,24
新竹,新竹市,36,,良好,2.2,0.26,36,39,11,5,10,11.7,1.7,5.7,28,"2025-02-07 12:00",,0.2,6,6,1,120.97236752,24.8056356,24
新竹,新竹市,35,,良好,2,0.24,39,39,10,5,8,9.2,1.4,4.6,28,"2025-02-07 13:00",,0.2,5,7,1,120.97236752,24.8056356,24
新竹,新竹市,35,,良好,1.9,0.25,40,38,13,7,7,8.5,1.3,5.1,33,"2025-02-07 14:00",,0.2,6,8,1,120.97236752,24.8056356,24
新竹,新竹市,35,,良好,2,0.25,41,38,12,11,7,8.1,0.9,4.9,29,"2025-02-07 15:00",,0.2,6,8,1,120.97236752,24.8056356,24
新竹,新竹市,35,,良好,2.3,0.26,39,38,21,12,9,10.4,1.3,4.8,35,"2025-02-07 16:00",,0.2,8,10,1,120.97236752,24.8056356,24
新竹,新竹市,37,,良好,2.1,0.26,39,38,31,15,9,10.2,1.3,4.4,49,"2025-02-07 17:00",,0.2,9,14,1,120.97236752,24.8056356,24
新竹,新竹市,45,,良好,2.3,0.28,38,38,36,18,9,10.2,1,4.5,39,"2025-02-07 18:00",,0.2,11,19,1,120.97236752,24.8056356,24
新竹,新竹市,44,,良好,2.6,0.29,39,39,37,9,8,9.2,0.8,4.6,32,"2025-02-07 19:00",,0.2,11,23,1,120.97236752,24.8056356,24
新竹,新竹市,49,,良好,2.6,0.27,40,39,29,17,7,8,0.7,4.7,27,"2025-02-07 20:00",,0.2,12,25,1,120.97236752,24.8056356,24
新竹,新竹市,51,細懸浮微粒,普通,2.5,0.28,40,39,25,16,7,7.6,0.8,4.1,46,"2025-02-07 21:00",,0.2,13,25,1,120.97236752,24.8056356,24
新竹,新竹市,52,細懸浮微粒,普通,2.9,0.32,35,39,26,15,9,10.2,0.9,3.5,40,"2025-02-07 22:00",,0.2,13,25,1,120.97236752,24.8056356,24
新竹,新竹市,58,細懸浮微粒,普通,2.6,0.34,34,38,29,22,11,11.8,0.8,3.7,36,"2025-02-07 23:00",,0.2,15,25,1,120.97236752,24.8056356,24
新竹,新竹市,60,細懸浮微粒,普通,2.6,0.31,37,38,21,18,7,8.2,0.7,4.7,44,"2025-02-08 00:00",,0.2,16,24,1,120.97236752,24.8056356,24
新竹,新竹市,61,細懸浮微粒,普通,2.5,0.28,37,37,18,16,5,5.9,0.8,4.1,30,"2025-02-08 01:00",,0.2,16,24,1,120.97236752,24.8056356,24
新竹,新竹市,63,細懸浮微粒,普通,1.9,0.26,36,37,16,17,5,5.5,0.8,4.8,37,"2025-02-08 02:00",,0.2,17,23,2,120.97236752,24.8056356,24
新竹,新竹市,61,細懸浮微粒,普通,1.8,0.25,37,37,25,16,4,4.6,0.6,4.3,36,"2025-02-08 03:00",,0.2,16,23,2,120.97236752,24.8056356,24
新竹,新竹市,62,細懸浮微粒,普通,2.1,0.23,38,37,31,19,4,4.4,0.6,4.1,41,"2025-02-08 04:00",,0.2,17,24,2,120.97236752,24.8056356,24
新竹,新竹市,63,細懸浮微粒,普通,1.9,0.23,36,36,40,17,4,4.9,0.7,4.4,50,"2025-02-08 05:00",,0.2,17,27,2,120.97236752,24.8056356,24
新竹,新竹市,64,細懸浮微粒,普通,2,0.25,33,36,40,20,6,6.1,0.5,4.2,50,"2025-02-08 06:00",,0.2,17,31,2,120.97236752,24.8056356,24
新竹,新竹市,66,細懸浮微粒,普通,2.3,0.26,32,36,37,17,6,6.6,0.7,4.4,49,"2025-02-08 07:00",,0.2,18,32,2,120.97236752,24.8056356,24
新竹,新竹市,66,細懸浮微粒,普通,2,0.28,31,35,47,20,7,7.9,1,5.1,41,"2025-02-08 08:00",,0.2,18,35,2,120.97236752,24.8056356,24
新竹,新竹市,67,細懸浮微粒,普通,2,0.29,31,34,51,19,7,8.5,1.2,6.3,28,"2025-02-08 09:00",,0.2,18,37,2,120.97236752,24.8056356,24
新竹,新竹市,70,細懸浮微粒,普通,1.9,0.27,32,34,60,25,7,8.7,1.6,5.4,28,"2025-02-08 10:00",,0.2,20,41,2,120.97236752,24.8056356,24
新竹,新竹市,70,細懸浮微粒,普通,1.9,0.26,32,33,54,18,7,8.7,1.5,5.4,42,"2025-02-08 11:00",,0.2,20,44,2,120.97236752,24.8056356,24
新竹,新竹市,68,細懸浮微粒,普通,1.9,0.26,33,33,44,15,7,9,1.9,5.2,27,"2025-02-08 12:00",,0.2,19,45,2,120.97236752,24.8056356,24
新竹,新竹市,67,懸浮微粒,普通,1.9,0.24,34,32,46,13,7,8.4,1.7,5.2,36,"2025-02-08 13:00",,0.2,18,45,2,120.97236752,24.8056356,24
新竹,新竹市,63,懸浮微粒,普通,2.1,0.22,35,33,30,12,7,8.1,1.4,4.4,39,"2025-02-08 14:00",,0.2,16,42,2,120.97236752,24.8056356,24
新竹,新竹市,61,懸浮微粒,普通,2,0.23,34,33,34,11,7,8.8,1.5,4.4,45,"2025-02-08 15:00",,0.2,15,40,2,120.97236752,24.8056356,24
新竹,新竹市,60,懸浮微粒,普通,2.1,0.24,33,33,31,14,8,8.7,1.2,4.6,42,"2025-02-08 16:00",,0.2,15,39,2,120.97236752,24.8056356,24
新竹,新竹市,58,細懸浮微粒,普通,2.2,0.24,33,33,37,16,8,9.1,1.2,4.3,34,"2025-02-08 17:00",,0.2,15,37,2,120.97236752,24.8056356,24
新竹,新竹市,58,懸浮微粒,普通,2.1,0.25,34,34,29,11,7,7.9,0.9,4.4,42,"2025-02-08 18:00",,0.2,14,37,2,120.97236752,24.8056356,24
新竹,新竹市,56,細懸浮微粒,普通,2.3,0.25,34,34,21,13,8,8.6,0.9,4.3,51,"2025-02-08 19:00",,0.2,14,34,2,120.97236752,24.8056356,24
新竹,新竹市,55,細懸浮微粒,普通,2.7,0.26,34,34,24,13,9,9.4,0.8,4.1,34,"2025-02-08 20:00",,0.2,14,33,2,120.97236752,24.8056356,24
新竹,新竹市,53,細懸浮微粒,普通,3,0.26,31,33,25,11,10,11.2,0.6,3.9,28,"2025-02-08 21:00",,0.2,13,30,2,120.97236752,24.8056356,24
新竹,新竹市,53,細懸浮微粒,普通,3.1,0.26,30,33,21,16,10,11.1,0.9,4.3,40,"2025-02-08 22:00",,0.2,13,27,2,120.97236752,24.8056356,24
新竹,新竹市,53,細懸浮微粒,普通,2.4,0.22,34,33,18,13,8,8.3,0.8,3.5,39,"2025-02-08 23:00",,0.2,13,26,2,120.97236752,24.8056356,24
新竹,新竹市,52,細懸浮微粒,普通,2.5,0.22,33,33,19,12,6,7.2,0.7,3.6,34,"2025-02-09 00:00",,0.2,13,24,2,120.97236752,24.8056356,24
新竹,新竹市,51,細懸浮微粒,普通,2.3,0.21,34,33,23,9,6,6.4,0.7,3.6,30,"2025-02-09 01:00",,0.2,12,23,2,120.97236752,24.8056356,24
新竹,新竹市,48,,良好,1.6,0.2,35,33,16,11,6,5.6,0,3.4,29,"2025-02-09 02:00",,0.2,12,21,2,120.97236752,24.8056356,24
新竹,新竹市,49,,良好,1.5,0.2,34,33,21,15,6,5.7,0.2,3.2,47,"2025-02-09 03:00",,0.2,12,21,2,120.97236752,24.8056356,24
新竹,新竹市,49,,良好,1.7,0.19,35,33,14,12,4,4.7,0.2,3,38,"2025-02-09 04:00",,0.2,12,20,2,120.97236752,24.8056356,24
新竹,新竹市,51,細懸浮微粒,普通,1.5,0.2,33,34,18,13,5,5.3,0.1,3.5,48,"2025-02-09 05:00",,0.2,12,19,2,120.97236752,24.8056356,24
新竹,新竹市,51,細懸浮微粒,普通,1.6,0.2,35,34,10,11,5,4.9,0.2,2.6,43,"2025-02-09 06:00",,0.2,12,17,2,120.97236752,24.8056356,24
新竹,新竹市,47,,良好,1.6,0.21,31,34,7,9,6,6.2,0.3,2.8,49,"2025-02-09 07:00",,0.2,12,15,2,120.97236752,24.8056356,24
新竹,新竹市,44,,良好,1.7,0.23,31,34,6,8,7,7.5,0.4,2.8,51,"2025-02-09 08:00",,0.2,11,13,2,120.97236752,24.8056356,24
新竹,新竹市,43,,良好,1.9,0.24,32,33,6,11,7,8.2,0.8,3.7,38,"2025-02-09 09:00",,0.2,11,11,2,120.97236752,24.8056356,24
新竹,新竹市,41,,良好,1.5,0.24,36,33,8,9,6,7.1,1.2,4,50,"2025-02-09 10:00",,0.2,10,10,2,120.97236752,24.8056356,24
新竹,新竹市,40,,良好,1.7,0.25,37,34,18,9,6,6.8,1.1,4.3,28,"2025-02-09 11:00",,0.2,10,11,2,120.97236752,24.8056356,24
新竹,新竹市,40,,良好,1.2,0.25,37,34,10,8,6,7.7,1.2,4,35,"2025-02-09 12:00",,0.2,10,11,2,120.97236752,24.8056356,24
新竹,新竹市,41,,良好,0.8,0.22,38,35,12,13,5,6.2,1,4.8,26,"2025-02-09 13:00",,0.2,10,12,1,120.97236752,24.8056356,24
新竹,新竹市,41,,良好,0.4,0.22,39,35,22,9,5,5.8,0.8,4.2,33,"2025-02-09 14:00",,0.2,10,14,1,120.97236752,24.8056356,24
新竹,新竹市,40,,良好,0.2,0.22,41,36,20,9,5,5.9,0.7,4.6,33,"2025-02-09 15:00",,0.2,10,14,1,120.97236752,24.8056356,24
新竹,新竹市,40,,良好,0.3,0.22,42,38,21,9,5,6.1,0.8,4.4,53,"2025-02-09 16:00",,0.2,10,15,1,120.97236752,24.8056356,24
新竹,新竹市,38,,良好,0.6,0.23,42,39,21,11,6,5.9,0.4,4.4,30,"2025-02-09 17:00",,0.2,10,17,1,120.97236752,24.8056356,24
新竹,新竹市,40,,良好,0.6,0.25,42,40,23,12,6,6.6,0.1,2.9,37,"2025-02-09 18:00",,0.2,10,17,1,120.97236752,24.8056356,24
新竹,新竹市,43,,良好,0.8,0.27,39,40,23,13,8,8.3,0.1,2.6,51,"2025-02-09 19:00",,0.2,11,18,1,120.97236752,24.8056356,24
新竹,新竹市,46,,良好,1.3,0.26,39,40,23,13,9,9,0.3,3.2,44,"2025-02-09 20:00",,0.2,11,19,1,120.97236752,24.8056356,24
新竹,新竹市,48,,良好,1.5,0.25,39,40,20,14,8,8.3,0.3,2.9,52,"2025-02-09 21:00",,0.2,12,20,1,120.97236752,24.8056356,24
新竹,新竹市,46,,良好,1.4,0.25,38,40,15,9,8,7.7,0.2,2.8,43,"2025-02-09 22:00",,0.2,12,19,1,120.97236752,24.8056356,24
新竹,新竹市,45,,良好,1.3,0.22,39,40,16,10,7,7.2,0.1,1.9,46,"2025-02-09 23:00",,0.2,11,18,1,120.97236752,24.8056356,24
新竹,新竹市,42,,良好,1.1,0.21,39,40,16,8,6,6.6,0.2,1.4,50,"2025-02-10 00:00",,0.2,10,18,1,120.97236752,24.8056356,24
新竹,新竹市,38,,良好,1.3,0.22,38,39,10,8,6,6.1,0.1,0.3,58,"2025-02-10 01:00",,0.2,10,16,1,120.97236752,24.8056356,24
新竹,新竹市,40,,良好,1.3,0.22,35,38,13,11,8,8.4,0.3,0.8,47,"2025-02-10 02:00",,0.2,10,16,1,120.97236752,24.8056356,24
新竹,新竹市,39,,良好,1.2,0.19,36,38,9,9,6,6.5,0.2,1,35,"2025-02-10 03:00",,0.2,10,14,1,120.97236752,24.8056356,24
新竹,新竹市,38,,良好,1.1,0.19,36,37,9,7,5,5.4,0.2,0.6,44,"2025-02-10 04:00",,0.2,10,13,1,120.97236752,24.8056356,24
新竹,新竹市,38,,良好,1.2,0.2,32,37,13,8,7,7.5,0.1,0.9,47,"2025-02-10 05:00",,0.2,9,13,1,120.97236752,24.8056356,24
新竹,新竹市,38,,良好,1.8,0.22,21,34,11,9,16,16.8,0.3,0.5,58,"2025-02-10 06:00",,0.2,9,12,1,120.97236752,24.8056356,24
新竹,新竹市,38,,良好,1,0.28,21,32,18,10,17,17.7,0.7,0.4,96,"2025-02-10 07:00",,0.2,9,13,1,120.97236752,24.8056356,24
新竹,新竹市,55,二氧化氮,普通,1,0.41,10,28,13,11,29,34,4.8,0.9,35,"2025-02-10 08:00",,0.2,10,13,1,120.97236752,24.8056356,24
新竹,新竹市,53,二氧化氮,普通,0.8,0.5,15,26,17,12,25,33.3,8,1.7,74,"2025-02-10 09:00",,0.2,10,14,1,120.97236752,24.8056356,24
新竹,新竹市,42,,良好,0.5,0.3,30,25,12,12,12,15.9,4.2,1.2,55,"2025-02-10 10:00",,0.2,10,14,1,120.97236752,24.8056356,24
新竹,新竹市,39,,良好,0,0.28,36,25,9,6,10,12.8,3,1.9,28,"2025-02-10 11:00",,0.2,10,12,0,120.97236752,24.8056356,24
新竹,新竹市,37,,良好,0,0.27,43,26,20,7,9,11.4,2.1,1.3,60,"2025-02-10 12:00",,0.3,9,13,0,120.97236752,24.8056356,24
新竹,新竹市,38,,良好,0,0.28,47,28,20,12,8,9.5,1.4,1.8,23,"2025-02-10 13:00",,0.3,9,14,0,120.97236752,24.8056356,24
新竹,新竹市,37,,良好,0.5,0.26,50,32,18,11,9,10.3,1.6,1.6,24,"2025-02-10 14:00",,0.3,9,15,0,120.97236752,24.8056356,24
新竹,新竹市,41,,良好,0.6,0.28,49,35,21,12,9,10.9,1.4,1.7,302,"2025-02-10 15:00",,0.3,10,17,0,120.97236752,24.8056356,24
新竹,新竹市,45,,良好,0.6,0.29,46,40,27,13,9,10.2,1.4,1.9,58,"2025-02-10 16:00",,0.3,11,19,0,120.97236752,24.8056356,24
新竹,新竹市,44,,良好,0.4,0.28,43,43,27,10,9,10.3,1,2.8,31,"2025-02-10 17:00",,0.2,11,20,0,120.97236752,24.8056356,24
新竹,新竹市,42,,良好,0,0.34,34,43,16,8,13,13.3,0.7,1.7,52,"2025-02-10 18:00",,0.2,10,20,0,120.97236752,24.8056356,24
新竹,新竹市,41,,良好,,0.38,26,42,16,9,16,16.8,0.5,1.6,46,"2025-02-10 19:00",,0.2,10,19,0,120.97236752,24.8056356,24
新竹,新竹市,39,,良好,,0.38,27,40,15,10,15,15.8,0.4,1.6,44,"2025-02-10 20:00",,0.3,10,18,0,120.97236752,24.8056356,24
新竹,新竹市,39,,良好,,0.4,24,37,10,10,17,17.3,0.6,1.2,48,"2025-02-10 21:00",,0.3,10,15,0,120.97236752,24.8056356,24
新竹,新竹市,45,,良好,0,0.43,20,34,17,10,19,19.8,0.5,1.1,40,"2025-02-10 22:00",,0.3,10,16,0,120.97236752,24.8056356,24
新竹,新竹市,45,,良好,0,0.42,20,30,14,7,20,20,0.5,1,44,"2025-02-10 23:00",,0.3,10,16,0,120.97236752,24.8056356,24
新竹,新竹市,43,,良好,,0.45,16,26,8,7,18,18.7,0.4,0.4,149,"2025-02-11 00:00",,0.3,9,14,0,120.97236752,24.8056356,24
新竹,新竹市,52,二氧化氮,普通,0,0.51,5,21,16,12,24,25.4,0.9,0.5,144,"2025-02-11 01:00",,0.4,9,15,0,120.97236752,24.8056356,24
新竹,新竹市,48,,良好,0.8,0.45,6,18,17,13,20,20.8,0.6,0.2,56,"2025-02-11 02:00",,0.4,10,15,0,120.97236752,24.8056356,24
新竹,新竹市,45,,良好,1,0.44,4,15,22,12,19,20.4,1.1,0.4,154,"2025-02-11 03:00",,0.4,10,16,0,120.97236752,24.8056356,24
新竹,新竹市,51,二氧化氮,普通,1.5,0.41,0,12,20,16,22,26.9,4.5,0.2,103,"2025-02-11 04:00",,0.4,12,17,0,120.97236752,24.8056356,24
新竹,新竹市,47,,良好,1.4,0.28,4,9,12,11,15,16.7,1.8,0.7,70,"2025-02-11 05:00",,0.4,12,16,0,120.97236752,24.8056356,24
新竹,新竹市,46,,良好,1.3,0.29,4,7,11,11,17,19,2.2,0.3,82,"2025-02-11 06:00",,0.4,12,15,0,120.97236752,24.8056356,24
新竹,新竹市,45,,良好,1.6,0.33,6,6,8,9,16,18.8,2.3,0.3,91,"2025-02-11 07:00",,0.3,11,13,0,120.97236752,24.8056356,24
新竹,新竹市,51,二氧化氮,普通,1.7,0.79,2,4,15,9,23,52.3,29.5,0.4,157,"2025-02-11 08:00",,0.4,10,12,0,120.97236752,24.8056356,24
新竹,新竹市,55,二氧化氮,普通,2.3,1.09,4,4,24,14,29,71.4,42.6,1.2,247,"2025-02-11 09:00",,0.5,11,14,0,120.97236752,24.8056356,24
新竹,新竹市,54,二氧化氮,普通,3.3,0.55,7,4,31,17,26,56.7,30.6,1.5,291,"2025-02-11 10:00",,0.5,12,18,0,120.97236752,24.8056356,24
新竹,新竹市,54,細懸浮微粒,普通,3.5,0.35,21,6,27,20,19,30,11.4,1.9,235,"2025-02-11 11:00",,0.5,14,20,1,120.97236752,24.8056356,24
新竹,新竹市,57,細懸浮微粒,普通,1.6,0.31,34,10,23,14,13,16.5,3.7,2,290,"2025-02-11 12:00",,0.4,15,22,1,120.97236752,24.8056356,24
新竹,新竹市,58,細懸浮微粒,普通,1.4,0.32,42,15,16,17,12,15.5,2.9,1.6,293,"2025-02-11 13:00",,0.5,15,21,1,120.97236752,24.8056356,24
新竹,新竹市,56,細懸浮微粒,普通,1.9,0.28,51,21,19,10,9,11,1.6,1.9,283,"2025-02-11 14:00",,0.5,14,20,1,120.97236752,24.8056356,24
新竹,新竹市,52,細懸浮微粒,普通,1.6,0.25,51,26,15,10,8,9.6,1.3,3.1,291,"2025-02-11 15:00",,0.4,13,18,1,120.97236752,24.8056356,24
新竹,新竹市,50,,良好,1.3,0.22,42,31,27,11,9,10.9,1.5,2.5,290,"2025-02-11 16:00",,0.4,12,19,1,120.97236752,24.8056356,24
新竹,新竹市,49,,良好,0.9,0.25,44,36,38,14,9,10.3,1.1,1.3,292,"2025-02-11 17:00",,0.3,12,22,1,120.97236752,24.8056356,24
新竹,新竹市,52,細懸浮微粒,普通,0.7,0.29,40,40,36,14,10,10.8,0.5,2.1,298,"2025-02-11 18:00",,0.2,13,26,1,120.97236752,24.8056356,24
新竹,新竹市,56,細懸浮微粒,普通,0.3,0.39,32,42,47,19,14,14,0.3,1.2,290,"2025-02-11 19:00",,0.2,14,31,1,120.97236752,24.8056356,24
新竹,新竹市,57,細懸浮微粒,普通,0.4,0.31,32,42,41,14,14,14.1,0.3,1.3,286,"2025-02-11 20:00",,0.2,15,34,1,120.97236752,24.8056356,24
新竹,新竹市,56,細懸浮微粒,普通,0.2,0.24,32,40,42,10,12,11.7,0,1.5,305,"2025-02-11 21:00",,0.2,14,35,1,120.97236752,24.8056356,24
新竹,新竹市,59,懸浮微粒,普通,0.8,0.29,25,37,48,15,14,14.4,0.2,0.6,275,"2025-02-11 22:00",,0.2,14,38,1,120.97236752,24.8056356,24
新竹,新竹市,62,懸浮微粒,普通,0.6,0.28,20,33,61,20,16,16.3,0.3,0.6,186,"2025-02-11 23:00",,0.2,14,41,1,120.97236752,24.8056356,24
新竹,新竹市,67,懸浮微粒,普通,0.6,0.26,22,31,62,20,15,15.4,0.4,0.8,278,"2025-02-12 00:00",,0.2,15,45,1,120.97236752,24.8056356,24
新竹,新竹市,68,懸浮微粒,普通,0.3,0.21,30,29,42,22,9,9,0.2,1.1,298,"2025-02-12 01:00",,0.2,17,46,1,120.97236752,24.8056356,24
新竹,新竹市,71,懸浮微粒,普通,1.4,0.2,30,28,58,20,8,9.1,0.6,0.5,284,"2025-02-12 02:00",,0.2,18,49,1,120.97236752,24.8056356,24
新竹,新竹市,70,懸浮微粒,普通,1.5,0.2,32,28,45,14,7,7.5,0.6,0.7,312,"2025-02-12 03:00",,0.2,18,48,1,120.97236752,24.8056356,24
新竹,新竹市,69,懸浮微粒,普通,1.2,0.2,32,28,45,15,6,6.6,0.7,0.3,61,"2025-02-12 04:00",,0.2,17,47,1,120.97236752,24.8056356,24
新竹,新竹市,71,懸浮微粒,普通,1.2,0.21,31,28,56,16,6,6.9,0.8,0.3,198,"2025-02-12 05:00",,0.2,16,49,1,120.97236752,24.8056356,24
新竹,新竹市,73,懸浮微粒,普通,1.3,0.24,23,27,63,18,8,8.6,0.7,0.3,60,"2025-02-12 06:00",,0.2,16,51,1,120.97236752,24.8056356,24
新竹,新竹市,80,懸浮微粒,普通,1.3,0.26,21,28,79,18,10,10.3,0.8,0.5,31,"2025-02-12 07:00",,0.2,17,57,1,120.97236752,24.8056356,24
新竹,新竹市,87,懸浮微粒,普通,1.3,0.32,21,27,84,21,12,12.5,1,1.6,26,"2025-02-12 08:00",,0.2,18,63,1,120.97236752,24.8056356,24
新竹,新竹市,88,懸浮微粒,普通,1.7,0.44,16,26,56,29,16,18.7,2.6,1.2,68,"2025-02-12 09:00",,0.2,20,64,1,120.97236752,24.8056356,24
新竹,新竹市,86,懸浮微粒,普通,1.7,0.47,8,23,49,30,22,31.2,9.3,1.1,72,"2025-02-12 10:00",,0.2,22,62,1,120.97236752,24.8056356,24
新竹,新竹市,83,細懸浮微粒,普通,1.6,0.48,5,20,44,30,19,34.6,15.2,0.6,71,"2025-02-12 11:00",,0.3,24,57,1,120.97236752,24.8056356,24
新竹,新竹市,86,細懸浮微粒,普通,,,6,16,41,,,,,0.4,87,"2025-02-12 12:00",,0.3,25,51,1,120.97236752,24.8056356,24
新竹,新竹市,86,細懸浮微粒,普通,2.2,0.56,,14,,27,22,36.8,15.3,0.9,273,"2025-02-12 13:00",,0.3,25,50,1,120.97236752,24.8056356,24
新竹,新竹市,99,細懸浮微粒,普通,3,0.88,4,12,63,50,,,,1.6,300,"2025-02-12 14:00",,0.4,30,53,1,120.97236752,24.8056356,24
新竹,新竹市,104,細懸浮微粒,對敏感族群不健康,2.1,0.51,4,9,61,35,27,37.8,10.6,1.9,299,"2025-02-12 15:00",,0.5,32,56,1,120.97236752,24.8056356,24
新竹,新竹市,103,細懸浮微粒,對敏感族群不健康,1.7,0.41,7,7,45,30,21,27,5.5,1.1,308,"2025-02-12 16:00",,0.5,32,57,1,120.97236752,24.8056356,24
新竹,新竹市,105,細懸浮微粒,對敏感族群不健康,1.5,0.4,12,7,34,27,25,27.9,2.9,1.4,291,"2025-02-12 17:00",,0.5,32,53,1,120.97236752,24.8056356,24
新竹,新竹市,95,細懸浮微粒,普通,1.5,0.38,15,8,25,22,22,22.7,1.1,0.5,289,"2025-02-12 18:00",,0.5,29,47,1,120.97236752,24.8056356,24
新竹,新竹市,91,細懸浮微粒,普通,1.3,0.34,21,10,20,21,17,17.7,0.4,1,45,"2025-02-12 19:00",,0.4,27,39,1,120.97236752,24.8056356,24
新竹,新竹市,87,細懸浮微粒,普通,1.7,0.35,25,12,19,18,14,13.8,0.3,1.2,43,"2025-02-12 20:00",,0.4,26,33,1,120.97236752,24.8056356,24
新竹,新竹市,81,細懸浮微粒,普通,1.8,0.41,21,13,15,16,17,17.7,0.5,1,53,"2025-02-12 21:00",,0.4,24,28,1,120.97236752,24.8056356,24
新竹,新竹市,77,細懸浮微粒,普通,2,0.43,17,15,17,15,21,22.2,0.8,1,48,"2025-02-12 22:00",,0.4,22,26,1,120.97236752,24.8056356,24
新竹,新竹市,70,細懸浮微粒,普通,2.2,0.37,17,17,5,10,22,22.3,0.7,1.4,36,"2025-02-12 23:00",,0.3,20,22,1,120.97236752,24.8056356,24
新竹,新竹市,65,細懸浮微粒,普通,2.1,0.33,26,19,13,8,14,14.5,0.3,2.1,51,"2025-02-13 00:00",,0.3,18,20,1,120.97236752,24.8056356,24
新竹,新竹市,60,細懸浮微粒,普通,1.9,0.35,25,21,9,7,12,12.5,0.4,3.6,30,"2025-02-13 01:00",,0.3,16,19,1,120.97236752,24.8056356,24
新竹,新竹市,55,細懸浮微粒,普通,1.7,0.4,28,22,12,12,8,8.9,1.2,4.3,22,"2025-02-13 02:00",,0.3,14,16,1,120.97236752,24.8056356,24
新竹,新竹市,57,細懸浮微粒,普通,1.8,0.43,30,24,23,21,6,6.9,1,3.8,49,"2025-02-13 03:00",,0.3,15,17,1,120.97236752,24.8056356,24
新竹,新竹市,60,細懸浮微粒,普通,2.2,0.46,28,24,,21,7,7.9,1.1,4.2,27,"2025-02-13 04:00",,0.3,16,16,1,120.97236752,24.8056356,24
新竹,新竹市,63,細懸浮微粒,普通,2.4,0.47,27,25,20,19,8,8.7,1,3.3,39,"2025-02-13 05:00",,0.4,17,17,1,120.97236752,24.8056356,24
新竹,新竹市,62,細懸浮微粒,普通,2.6,0.47,26,26,10,11,7,8.5,1.1,3.2,29,"2025-02-13 06:00",,0.4,16,16,1,120.97236752,24.8056356,24
新竹,新竹市,56,細懸浮微粒,普通,2.8,0.44,26,27,7,9,8,9.5,1.2,2.9,40,"2025-02-13 07:00",,0.4,14,12,1,120.97236752,24.8056356,24
新竹,新竹市,51,細懸浮微粒,普通,2.8,0.53,27,27,6,9,10,11.7,1.5,2.6,38,"2025-02-13 08:00",,0.4,12,11,2,120.97236752,24.8056356,24
新竹,新竹市,42,,良好,3.2,0.58,29,28,5,6,13,14.9,1.8,3.5,42,"2025-02-13 09:00",,0.4,10,9,2,120.97236752,24.8056356,24
新竹,新竹市,38,,良好,3.3,0.54,32,28,4,6,13,14.8,2.1,3.8,38,"2025-02-13 10:00",,0.4,10,7,2,120.97236752,24.8056356,24
新竹,新竹市,39,,良好,3,0.52,31,28,7,10,14,16.5,2.6,3.6,30,"2025-02-13 11:00",,0.5,10,8,2,120.97236752,24.8056356,24
新竹,新竹市,41,,良好,3.1,0.46,32,29,6,12,14,17,2.8,4,26,"2025-02-13 12:00",,0.5,10,7,2,120.97236752,24.8056356,24
新竹,新竹市,46,,良好,3.3,0.36,36,30,13,14,11,14,2.5,3.7,43,"2025-02-13 13:00",,0.4,12,8,2,120.97236752,24.8056356,24
新竹,新竹市,50,,良好,2.8,0.3,38,31,16,13,8,10.5,2,4,45,"2025-02-13 14:00",,0.4,12,10,2,120.97236752,24.8056356,24
新竹,新竹市,49,,良好,2.8,0.32,37,33,18,11,9,11.4,2.1,3.2,31,"2025-02-13 15:00",,0.4,12,11,2,120.97236752,24.8056356,24
新竹,新竹市,52,細懸浮微粒,普通,2.7,0.34,34,34,23,20,12,13.6,1.8,3.9,30,"2025-02-13 16:00",,0.4,13,14,2,120.97236752,24.8056356,24
新竹,新竹市,54,細懸浮微粒,普通,2.6,0.35,32,34,21,19,13,15,1.8,4,26,"2025-02-13 17:00",,0.3,14,15,2,120.97236752,24.8056356,24
新竹,新竹市,53,細懸浮微粒,普通,2.9,0.36,31,34,28,10,13,14.6,1.6,3.9,27,"2025-02-13 18:00",,0.3,13,17,2,120.97236752,24.8056356,24
新竹,新竹市,54,細懸浮微粒,普通,2.6,0.35,31,34,16,12,12,13.4,1.5,3.2,42,"2025-02-13 19:00",,0.3,14,17,2,120.97236752,24.8056356,24
新竹,新竹市,54,細懸浮微粒,普通,2.6,0.32,34,34,18,18,10,11,1.3,3.7,50,"2025-02-13 20:00",,0.3,14,17,2,120.97236752,24.8056356,24
新竹,新竹市,52,細懸浮微粒,普通,2.3,0.31,33,34,21,11,9,10.8,1.4,3.4,42,"2025-02-13 21:00",,0.3,13,18,2,120.97236752,24.8056356,24
新竹,新竹市,52,細懸浮微粒,普通,2.6,0.29,34,33,16,10,9,10.3,1.3,3.4,48,"2025-02-13 22:00",,0.3,13,17,2,120.97236752,24.8056356,24
新竹,新竹市,53,細懸浮微粒,普通,2.5,0.26,34,33,11,14,8,9.1,1.1,2.6,31,"2025-02-13 23:00",,0.3,13,16,2,120.97236752,24.8056356,24
新竹,新竹市,49,,良好,2.8,0.24,35,33,12,9,7,8.1,1.1,2.4,46,"2025-02-14 00:00",,0.3,12,16,2,120.97236752,24.8056356,24
新竹,新竹市,46,,良好,2.6,0.24,35,33,12,8,7,7.7,1.1,2.7,22,"2025-02-14 01:00",,0.2,12,15,2,120.97236752,24.8056356,24
新竹,新竹市,44,,良好,1.2,0.21,36,34,12,7,6,6.9,1.1,1.8,42,"2025-02-14 02:00",,0.2,11,14,2,120.97236752,24.8056356,24
新竹,新竹市,40,,良好,1.1,0.21,34,34,12,8,6,6.5,1,1.5,46,"2025-02-14 03:00",,0.2,10,14,2,120.97236752,24.8056356,24
新竹,新竹市,37,,良好,1.1,0.21,31,34,9,7,7,7.8,1,0.4,32,"2025-02-14 04:00",,0.2,9,13,2,120.97236752,24.8056356,24
新竹,新竹市,33,,良好,1,0.21,27,33,7,4,9,10.1,0.9,0.5,134,"2025-02-14 05:00",,0.2,8,12,2,120.97236752,24.8056356,24
新竹,新竹市,30,,良好,0.6,0.21,28,33,8,4,7,8.5,1,0.7,82,"2025-02-14 06:00",,0.2,8,10,2,120.97236752,24.8056356,24
新竹,新竹市,29,,良好,0.8,0.25,22,31,9,4,12,13.3,1.2,1.1,22,"2025-02-14 07:00",,0.2,7,10,2,120.97236752,24.8056356,24
新竹,新竹市,45,,良好,1,0.38,15,28,9,7,20,21.9,2.3,1.3,36,"2025-02-14 08:00",,0.2,6,9,2,120.97236752,24.8056356,24
新竹,新竹市,50,,良好,0.8,0.46,18,26,15,9,22,24.5,2.9,1.7,43,"2025-02-14 09:00",,0.2,7,10,2,120.97236752,24.8056356,24
新竹,新竹市,48,,良好,0.8,0.45,18,24,13,10,21,25.6,4.8,0.5,71,"2025-02-14 10:00",,0.2,8,11,2,120.97236752,24.8056356,24
新竹,新竹市,48,,良好,0.3,0.43,19,22,12,9,21,26.4,5.7,0.3,48,"2025-02-14 11:00",,0.3,8,11,1,120.97236752,24.8056356,24
新竹,新竹市,40,,良好,0.2,0.37,26,22,18,5,18,21.7,4.2,1.6,51,"2025-02-14 12:00",,0.3,8,12,1,120.97236752,24.8056356,24
新竹,新竹市,31,,良好,0,0.31,32,22,21,6,13,16,2.6,1,22,"2025-02-14 13:00",,0.3,7,14,1,120.97236752,24.8056356,24
新竹,新竹市,27,,良好,0.1,0.24,36,23,25,7,9,11,1.8,2.7,29,"2025-02-14 14:00",,0.3,7,16,1,120.97236752,24.8056356,24
新竹,新竹市,28,,良好,0,0.25,35,25,18,8,9,10.9,2.1,1.6,92,"2025-02-14 15:00",,0.3,6,17,1,120.97236752,24.8056356,24
新竹,新竹市,29,,良好,0.1,0.27,31,27,15,5,12,14.8,2.6,1.8,292,"2025-02-14 16:00",,0.3,6,16,1,120.97236752,24.8056356,24
新竹,新竹市,33,,良好,0,0.32,28,28,18,9,14,16,1.6,0.8,300,"2025-02-14 17:00",,0.3,7,17,1,120.97236752,24.8056356,24
新竹,新竹市,33,,良好,0,0.37,26,29,28,12,14,15.7,1.3,0.4,319,"2025-02-14 18:00",,0.3,8,18,1,120.97236752,24.8056356,24
新竹,新竹市,33,,良好,0,0.37,25,30,26,9,15,15.7,0.9,0.3,44,"2025-02-14 19:00",,0.3,8,19,1,120.97236752,24.8056356,24
新竹,新竹市,48,,良好,0.2,0.55,15,29,24,12,20,21.5,1,0.5,184,"2025-02-14 20:00",,0.3,9,21,0,120.97236752,24.8056356,24
新竹,新竹市,55,二氧化氮,普通,0,0.75,5,25,30,16,30,32.3,2.7,0.4,333,"2025-02-14 21:00",,0.3,11,23,0,120.97236752,24.8056356,24
新竹,新竹市,56,細懸浮微粒,普通,0.1,0.71,4,21,55,35,29,33.1,4.2,0.3,127,"2025-02-14 22:00",,0.4,14,28,0,120.97236752,24.8056356,24
新竹,新竹市,91,細懸浮微粒,普通,0,0.64,1,17,111,85,27,31,4.3,0.3,143,"2025-02-14 23:00",,0.4,27,43,0,120.97236752,24.8056356,24
新竹,新竹市,120,細懸浮微粒,對敏感族群不健康,0,0.66,0,13,108,77,27,32.8,5.7,0.7,279,"2025-02-15 00:00",,0.5,38,57,0,120.97236752,24.8056356,24
新竹,新竹市,140,細懸浮微粒,對敏感族群不健康,0,0.48,1,10,89,61,25,30.3,5,1.2,240,"2025-02-15 01:00",,0.5,46,68,0,120.97236752,24.8056356,24
新竹,新竹市,145,細懸浮微粒,對敏感族群不健康,2.1,0.32,6,7,67,41,18,19.4,1.1,0.9,252,"2025-02-15 02:00",,0.5,48,71,0,120.97236752,24.8056356,24
新竹,新竹市,148,細懸浮微粒,對敏感族群不健康,1.6,0.3,12,6,88,74,12,12.7,0.6,0.3,146,"2025-02-15 03:00",,0.5,50,71,0,120.97236752,24.8056356,24
新竹,新竹市,139,細懸浮微粒,對敏感族群不健康,1.5,0.24,18,6,60,37,12,12.9,0.8,1.2,293,"2025-02-15 04:00",,0.5,46,67,0,120.97236752,24.8056356,24
新竹,新竹市,124,細懸浮微粒,對敏感族群不健康,1.6,0.16,30,9,41,10,7,7.2,0.6,0.5,48,"2025-02-15 05:00",,0.4,40,62,0,120.97236752,24.8056356,24
新竹,新竹市,114,細懸浮微粒,對敏感族群不健康,1.6,0.19,27,12,30,10,6,6.7,0.5,0.7,82,"2025-02-15 06:00",,0.3,36,57,0,120.97236752,24.8056356,24
新竹,新竹市,97,細懸浮微粒,普通,1.7,0.29,11,13,29,18,15,15.8,1.1,0.4,67,"2025-02-15 07:00",,0.3,29,50,0,120.97236752,24.8056356,24
新竹,新竹市,91,細懸浮微粒,普通,1.8,0.37,9,14,21,19,14,17.4,3.2,0.7,69,"2025-02-15 08:00",,0.2,27,45,0,120.97236752,24.8056356,24
新竹,新竹市,101,細懸浮微粒,對敏感族群不健康,1.8,0.4,14,16,35,31,12,18.2,5.7,2.2,289,"2025-02-15 09:00",,0.2,30,44,0,120.97236752,24.8056356,24
新竹,新竹市,101,細懸浮微粒,對敏感族群不健康,1.6,0.29,25,18,43,18,11,14.8,3.6,1.9,281,"2025-02-15 10:00",,0.2,31,46,0,120.97236752,24.8056356,24
新竹,新竹市,95,細懸浮微粒,普通,1.7,0.27,30,20,58,22,9,10.9,1.9,1,1,"2025-02-15 11:00",,0.2,29,47,0,120.97236752,24.8056356,24
新竹,新竹市,87,細懸浮微粒,普通,1.6,0.25,35,23,59,15,8,10,1.6,1.7,291,"2025-02-15 12:00",,0.2,26,50,0,120.97236752,24.8056356,24
新竹,新竹市,78,細懸浮微粒,普通,1.2,0.24,42,24,62,19,7,8.5,1.4,1.1,349,"2025-02-15 13:00",,0.2,22,52,0,120.97236752,24.8056356,24
新竹,新竹市,74,懸浮微粒,普通,1,0.24,44,26,52,13,7,9,1.7,1.4,304,"2025-02-15 14:00",,0.2,20,52,0,120.97236752,24.8056356,24
新竹,新竹市,72,懸浮微粒,普通,1.4,0.24,46,30,53,19,8,9.5,1.7,2.7,291,"2025-02-15 15:00",,0.2,18,50,0,120.97236752,24.8056356,24
新竹,新竹市,71,懸浮微粒,普通,1.7,0.22,47,35,52,19,8,9,1.2,2.6,289,"2025-02-15 16:00",,0.2,18,49,1,120.97236752,24.8056356,24
新竹,新竹市,70,懸浮微粒,普通,1.3,0.23,50,40,48,18,7,7.7,0.8,1.4,31,"2025-02-15 17:00",,0.2,18,48,1,120.97236752,24.8056356,24
新竹,新竹市,69,懸浮微粒,普通,1.4,0.25,48,43,43,16,8,9.1,0.5,0.7,60,"2025-02-15 18:00",,0.2,18,47,1,120.97236752,24.8056356,24
新竹,新竹市,71,細懸浮微粒,普通,1.2,0.33,42,44,61,27,11,12,0.7,1,41,"2025-02-15 19:00",,0.2,20,49,1,120.97236752,24.8056356,24
新竹,新竹市,75,細懸浮微粒,普通,1.5,0.32,38,45,45,27,12,12.7,0.7,1.5,69,"2025-02-15 20:00",,0.2,21,50,1,120.97236752,24.8056356,24
新竹,新竹市,79,細懸浮微粒,普通,1.5,0.36,29,43,65,30,12,13.2,0.7,1,17,"2025-02-15 21:00",,0.2,23,53,1,120.97236752,24.8056356,24
新竹,新竹市,88,細懸浮微粒,普通,1.6,0.41,21,40,70,37,15,16.1,0.6,0.5,60,"2025-02-15 22:00",,0.2,26,57,1,120.97236752,24.8056356,24
新竹,新竹市,98,細懸浮微粒,普通,1.8,0.36,24,37,62,47,15,15.9,0.6,1.2,61,"2025-02-15 23:00",,0.3,30,58,1,120.97236752,24.8056356,24
新竹,新竹市,106,細懸浮微粒,對敏感族群不健康,1.9,0.4,20,34,58,41,17,17.8,0.7,0.7,67,"2025-02-16 00:00",,0.3,32,59,1,120.97236752,24.8056356,24
新竹,新竹市,113,細懸浮微粒,對敏感族群不健康,1.7,0.42,16,30,62,46,15,16,0.7,0.7,51,"2025-02-16 01:00",,0.3,36,59,1,120.97236752,24.8056356,24
新竹,新竹市,114,細懸浮微粒,對敏感族群不健康,1.7,0.38,15,26,46,32,12,12.1,0.4,0.6,44,"2025-02-16 02:00",,0.3,36,56,1,120.97236752,24.8056356,24
新竹,新竹市,113,細懸浮微粒,對敏感族群不健康,1.7,0.33,19,23,39,37,14,14.1,0.4,0.8,60,"2025-02-16 03:00",,0.3,35,52,1,120.97236752,24.8056356,24
新竹,新竹市,108,細懸浮微粒,對敏感族群不健康,1.7,0.27,24,21,31,25,11,11.5,0.3,1,31,"2025-02-16 04:00",,0.3,33,48,1,120.97236752,24.8056356,24
新竹,新竹市,103,細懸浮微粒,對敏感族群不健康,1.8,0.26,31,21,28,26,8,8.3,0.1,1.1,33,"2025-02-16 05:00",,0.3,31,43,1,120.97236752,24.8056356,24
新竹,新竹市,98,細懸浮微粒,普通,1.6,0.24,31,22,16,19,7,7.4,0.4,1.3,40,"2025-02-16 06:00",,0.3,30,38,1,120.97236752,24.8056356,24
新竹,新竹市,90,細懸浮微粒,普通,1.7,0.26,28,23,21,16,8,8.9,0.5,1.2,44,"2025-02-16 07:00",,0.3,27,34,1,120.97236752,24.8056356,24
新竹,新竹市,85,細懸浮微粒,普通,1.8,0.26,28,24,23,15,9,9.5,0.7,1.5,35,"2025-02-16 08:00",,0.3,25,32,1,120.97236752,24.8056356,24
新竹,新竹市,81,細懸浮微粒,普通,1.9,0.28,29,25,25,19,8,9.3,0.8,2.1,41,"2025-02-16 09:00",,0.2,24,30,1,120.97236752,24.8056356,24
新竹,新竹市,81,細懸浮微粒,普通,1.6,0.3,29,27,23,22,9,10.1,1.2,2.3,26,"2025-02-16 10:00",,0.2,23,29,1,120.97236752,24.8056356,24
新竹,新竹市,77,細懸浮微粒,普通,1.5,0.41,25,28,23,16,10,12.3,1.9,2.3,40,"2025-02-16 11:00",,0.2,22,28,1,120.97236752,24.8056356,24
新竹,新竹市,76,細懸浮微粒,普通,1.5,0.42,33,29,28,20,10,12.7,2.4,2.7,28,"2025-02-16 12:00",,0.3,22,27,1,120.97236752,24.8056356,24
新竹,新竹市,72,細懸浮微粒,普通,1.8,0.4,42,31,24,16,9,10.6,1.7,2.4,38,"2025-02-16 13:00",,0.3,20,25,1,120.97236752,24.8056356,24
新竹,新竹市,72,細懸浮微粒,普通,2.5,0.41,49,33,29,24,9,10.4,1.4,2.4,43,"2025-02-16 14:00",,0.3,20,25,1,120.97236752,24.8056356,24
新竹,新竹市,72,細懸浮微粒,普通,2.2,0.43,49,36,33,21,9,10.4,1.4,3.8,35,"2025-02-16 15:00",,0.3,20,26,1,120.97236752,24.8056356,24
新竹,新竹市,70,細懸浮微粒,普通,2.3,0.45,46,38,40,17,10,11.4,1.1,3.8,32,"2025-02-16 16:00",,0.3,19,28,1,120.97236752,24.8056356,24
新竹,新竹市,72,細懸浮微粒,普通,2.2,0.46,44,40,33,23,12,12.9,1.1,4.1,33,"2025-02-16 17:00",,0.4,20,30,1,120.97236752,24.8056356,24
新竹,新竹市,72,細懸浮微粒,普通,1.9,0.5,41,41,38,24,13,13.7,0.8,2.5,45,"2025-02-16 18:00",,0.4,20,32,1,120.97236752,24.8056356,24
新竹,新竹市,73,細懸浮微粒,普通,1.5,0.55,39,43,41,21,13,13.7,0.4,3,35,"2025-02-16 19:00",,0.4,20,34,1,120.97236752,24.8056356,24
新竹,新竹市,79,細懸浮微粒,普通,1.7,0.57,44,44,38,30,12,12.2,0.6,3,42,"2025-02-16 20:00",,0.4,23,34,1,120.97236752,24.8056356,24
新竹,新竹市,83,細懸浮微粒,普通,1.8,0.6,45,45,36,30,12,12.6,0.4,2.7,52,"2025-02-16 21:00",,0.4,24,35,1,120.97236752,24.8056356,24
新竹,新竹市,88,細懸浮微粒,普通,1.7,0.58,50,45,47,35,11,11.6,0.5,3.2,46,"2025-02-16 22:00",,0.5,26,37,1,120.97236752,24.8056356,24
新竹,新竹市,93,細懸浮微粒,普通,1.7,0.54,51,45,43,32,10,10.5,0.5,2.2,48,"2025-02-16 23:00",,0.5,28,38,1,120.97236752,24.8056356,24
新竹,新竹市,91,細懸浮微粒,普通,2,0.47,50,46,27,22,8,8.1,0.3,3.2,40,"2025-02-17 00:00",,0.5,27,37,1,120.97236752,24.8056356,24
新竹,新竹市,88,細懸浮微粒,普通,2.4,0.42,50,46,23,20,7,7.1,0.4,3.5,42,"2025-02-17 01:00",,0.5,26,35,1,120.97236752,24.8056356,24
新竹,新竹市,82,細懸浮微粒,普通,1.4,0.35,55,48,33,20,5,5.7,0.6,3.3,52,"2025-02-17 02:00",,0.5,24,33,1,120.97236752,24.8056356,24
新竹,新竹市,79,細懸浮微粒,普通,1.6,0.32,55,50,38,22,5,5.4,0.7,3.5,44,"2025-02-17 03:00",,0.4,23,33,1,120.97236752,24.8056356,24
新竹,新竹市,80,細懸浮微粒,普通,2.1,0.33,56,52,39,22,5,5.8,0.6,3.6,51,"2025-02-17 04:00",,0.4,23,34,1,120.97236752,24.8056356,24
新竹,新竹市,81,細懸浮微粒,普通,2.3,0.32,56,53,40,24,6,6.3,0.5,3.4,46,"2025-02-17 05:00",,0.4,24,37,1,120.97236752,24.8056356,24
新竹,新竹市,80,細懸浮微粒,普通,2.5,0.33,53,53,36,19,7,7.4,0.6,3.4,52,"2025-02-17 06:00",,0.3,23,37,1,120.97236752,24.8056356,24
新竹,新竹市,81,細懸浮微粒,普通,2.4,0.32,53,53,42,23,9,9.5,0.6,2.7,44,"2025-02-17 07:00",,0.3,23,38,1,120.97236752,24.8056356,24
新竹,新竹市,81,細懸浮微粒,普通,2.6,0.37,51,54,52,24,12,13.7,1.1,3.2,45,"2025-02-17 08:00",,0.3,23,40,1,120.97236752,24.8056356,24
新竹,新竹市,80,細懸浮微粒,普通,2.8,0.37,53,54,60,23,13,14,1.4,3.8,50,"2025-02-17 09:00",,0.3,23,43,2,120.97236752,24.8056356,24
新竹,新竹市,81,細懸浮微粒,普通,2.1,0.33,57,54,69,25,10,11.4,1.4,5.9,43,"2025-02-17 10:00",,0.3,23,48,2,120.97236752,24.8056356,24
新竹,新竹市,81,細懸浮微粒,普通,1.7,0.34,60,55,67,27,9,10.2,1.1,4.5,30,"2025-02-17 11:00",,0.3,24,52,2,120.97236752,24.8056356,24
新竹,新竹市,82,細懸浮微粒,普通,1.8,0.38,63,56,74,,10,12,1.4,4.5,42,"2025-02-17 12:00",,0.3,24,57,2,120.97236752,24.8056356,24
新竹,新竹市,85,細懸浮微粒,普通,1.8,0.38,53,55,,27,10,11.5,1.3,4.1,54,"2025-02-17 13:00",,0.3,25,60,2,120.97236752,24.8056356,24
新竹,新竹市,87,細懸浮微粒,普通,1.7,0.37,56,56,68,28,9,10.8,1.3,4.3,32,"2025-02-17 14:00",,0.3,26,61,2,120.97236752,24.8056356,24
新竹,新竹市,86,細懸浮微粒,普通,1.7,0.37,62,57,66,25,9,10.6,1.1,4.1,28,"2025-02-17 15:00",,0.3,25,62,1,120.97236752,24.8056356,24
新竹,新竹市,86,細懸浮微粒,普通,1.5,0.39,64,58,67,25,10,10.7,1,4,34,"2025-02-17 16:00",,0.3,25,62,1,120.97236752,24.8056356,24
新竹,新竹市,92,細懸浮微粒,普通,1.8,0.43,62,60,62,39,11,12.1,1,3.1,34,"2025-02-17 17:00",,0.3,28,63,1,120.97236752,24.8056356,24
新竹,新竹市,95,細懸浮微粒,普通,1.4,0.49,61,60,67,32,13,13.7,0.8,3.3,30,"2025-02-17 18:00",,0.3,29,64,1,120.97236752,24.8056356,24
新竹,新竹市,105,細懸浮微粒,對敏感族群不健康,1.4,0.53,62,60,76,44,13,14,0.6,3.1,45,"2025-02-17 19:00",,0.4,32,67,1,120.97236752,24.8056356,24
新竹,新竹市,111,細懸浮微粒,對敏感族群不健康,1.6,0.49,63,60,76,41,13,13.3,0.7,2.7,43,"2025-02-17 20:00",,0.4,35,69,1,120.97236752,24.8056356,24
新竹,新竹市,115,細懸浮微粒,對敏感族群不健康,1.5,0.49,62,61,75,44,13,14,0.7,2.1,33,"2025-02-17 21:00",,0.4,36,71,1,120.97236752,24.8056356,24
新竹,新竹市,121,細懸浮微粒,對敏感族群不健康,1.3,0.48,63,62,65,43,12,13.2,0.7,2.6,56,"2025-02-17 22:00",,0.4,38,71,1,120.97236752,24.8056356,24
新竹,新竹市,126,細懸浮微粒,對敏感族群不健康,0.9,0.44,63,62,71,51,10,11.1,0.6,2.5,36,"2025-02-17 23:00",,0.4,40,70,1,120.97236752,24.8056356,24
新竹,新竹市,132,細懸浮微粒,對敏感族群不健康,0.9,0.48,62,62,88,55,10,10.8,0.6,2.5,31,"2025-02-18 00:00",,0.4,43,72,1,120.97236752,24.8056356,24
新竹,新竹市,135,細懸浮微粒,對敏感族群不健康,1.2,0.44,62,62,79,49,10,10.9,0.5,3.5,28,"2025-02-18 01:00",,0.4,44,73,1,120.97236752,24.8056356,24
新竹,新竹市,133,細懸浮微粒,對敏感族群不健康,2.2,0.35,60,62,61,32,10,10.7,1.1,2.8,51,"2025-02-18 02:00",,0.4,43,72,1,120.97236752,24.8056356,24
新竹,新竹市,124,細懸浮微粒,對敏感族群不健康,1.9,0.29,56,61,42,24,7,7.7,1.1,3.2,45,"2025-02-18 03:00",,0.4,40,68,1,120.97236752,24.8056356,24
新竹,新竹市,113,細懸浮微粒,對敏感族群不健康,1.8,0.29,50,60,35,21,7,8,1.1,2.1,18,"2025-02-18 04:00",,0.4,36,60,1,120.97236752,24.8056356,24
新竹,新竹市,99,細懸浮微粒,普通,1.8,0.26,47,58,18,13,7,8.1,1,2.5,30,"2025-02-18 05:00",,0.3,30,50,1,120.97236752,24.8056356,24
新竹,新竹市,89,細懸浮微粒,普通,2,0.23,44,55,14,10,7,8,1,2.4,40,"2025-02-18 06:00",,0.3,26,42,1,120.97236752,24.8056356,24
新竹,新竹市,80,細懸浮微粒,普通,2.2,0.22,40,52,13,11,8,9.7,1.2,2.5,22,"2025-02-18 07:00",,0.3,23,36,1,120.97236752,24.8056356,24
新竹,新竹市,73,細懸浮微粒,普通,2.5,0.28,34,49,15,10,13,14.3,1.4,2.9,33,"2025-02-18 08:00",,0.2,21,31,1,120.97236752,24.8056356,24
新竹,新竹市,69,細懸浮微粒,普通,2.3,0.28,34,45,17,12,14,15.9,1.8,3.3,28,"2025-02-18 09:00",,0.2,19,28,1,120.97236752,24.8056356,24
新竹,新竹市,65,細懸浮微粒,普通,2.4,0.28,32,42,21,10,15,17.9,2.5,3.2,36,"2025-02-18 10:00",,0.2,18,28,1,120.97236752,24.8056356,24
新竹,新竹市,60,細懸浮微粒,普通,2,0.26,34,39,13,9,14,17.4,2.9,3.8,30,"2025-02-18 11:00",,0.2,16,25,1,120.97236752,24.8056356,24
新竹,新竹市,55,細懸浮微粒,普通,2.1,0.25,37,38,16,11,12,15,3,3.4,33,"2025-02-18 12:00",,0.2,14,22,1,120.97236752,24.8056356,24
新竹,新竹市,48,,良好,2.1,0.24,38,37,12,9,11,14.4,3,4.2,27,"2025-02-18 13:00",,0.2,12,19,1,120.97236752,24.8056356,24
新竹,新竹市,42,,良好,2.5,0.21,40,36,12,6,10,12.4,2.8,3,29,"2025-02-18 14:00",,0.2,10,16,1,120.97236752,24.8056356,24
新竹,新竹市,35,,良好,2.6,0.21,39,36,13,3,10,12.5,2.4,3.1,40,"2025-02-18 15:00",,0.2,9,14,1,120.97236752,24.8056356,24
新竹,新竹市,33,,良好,2.5,0.21,36,36,26,4,12,14.1,2.2,4,28,"2025-02-18 16:00",,0.2,7,15,1,120.97236752,24.8056356,24
新竹,新竹市,33,,良好,2.2,0.23,36,37,21,7,12,14,2.2,3.3,30,"2025-02-18 17:00",,0.2,7,17,1,120.97236752,24.8056356,24
新竹,新竹市,33,,良好,2,0.27,34,37,18,9,13,14.6,1.8,3.8,28,"2025-02-18 18:00",,0.2,7,17,1,120.97236752,24.8056356,24
新竹,新竹市,33,,良好,2.4,0.28,34,37,13,6,13,14.8,1.4,3.2,40,"2025-02-18 19:00",,0.2,7,17,1,120.97236752,24.8056356,24
新竹,新竹市,34,,良好,2.2,0.28,36,37,10,13,11,12.1,1.2,3.1,48,"2025-02-18 20:00",,0.2,8,15,1,120.97236752,24.8056356,24
新竹,新竹市,34,,良好,2,0.27,37,37,8,8,10,11,1.1,3.5,35,"2025-02-18 21:00",,0.2,8,13,2,120.97236752,24.8056356,24
新竹,新竹市,33,,良好,2.2,0.26,38,36,7,4,9,10,1.1,2.8,28,"2025-02-18 22:00",,0.2,8,11,2,120.97236752,24.8056356,24
新竹,新竹市,33,,良好,2.4,0.24,39,36,6,3,7,8.5,1.1,2.9,29,"2025-02-18 23:00",,0.2,7,10,2,120.97236752,24.8056356,24
新竹,新竹市,39,,良好,1.5,0.19,46,42,4,6,4,3.9,0.4,1.7,36,"2025-02-19 05:00",,0.2,6,7,2,120.97236752,24.8056356,24
新竹,新竹市,38,,良好,1.5,0.18,46,41,8,8,4,4.1,0.2,2.2,55,"2025-02-19 04:00",,0.2,6,8,2,120.97236752,24.8056356,24
新竹,新竹市,33,,良好,2.6,0.23,39,37,3,2,7,8.1,1.1,2.8,43,"2025-02-19 00:00",,0.2,5,9,2,120.97236752,24.8056356,24
新竹,新竹市,40,,良好,1,0.31,38,44,7,7,11,11.6,0.5,1.3,60,"2025-02-19 08:00",,0.2,6,6,2,120.97236752,24.8056356,24
新竹,新竹市,34,,良好,2.7,0.21,42,37,8,3,6,7.6,1.1,3.1,40,"2025-02-19 01:00",,0.2,4,9,2,120.97236752,24.8056356,24
新竹,新竹市,35,,良好,1.9,0.19,44,39,7,7,6,6.1,0.6,2.6,49,"2025-02-19 02:00",,0.2,5,8,2,120.97236752,24.8056356,24
新竹,新竹市,37,,良好,1.7,0.18,45,40,8,6,5,5,0.3,2.2,57,"2025-02-19 03:00",,0.2,5,8,2,120.97236752,24.8056356,24
新竹,新竹市,40,,良好,1.4,0.2,44,43,9,4,5,5.5,0.4,1.6,47,"2025-02-19 06:00",,0.2,6,7,2,120.97236752,24.8056356,24
新竹,新竹市,40,,良好,1.2,0.22,43,44,8,7,7,7.2,0.5,1.9,47,"2025-02-19 07:00",,0.2,6,7,2,120.97236752,24.8056356,24
新竹,新竹市,40,,良好,1.2,0.32,37,43,12,5,13,13.5,0.8,1.7,68,"2025-02-19 09:00",,0.2,5,8,2,120.97236752,24.8056356,24
新竹,新竹市,39,,良好,1.2,0.3,36,42,11,8,13,14.6,1.2,2.5,40,"2025-02-19 10:00",,0.2,6,8,1,120.97236752,24.8056356,24
新竹,新竹市,38,,良好,1.3,0.26,37,41,19,10,13,14.7,1.5,2.6,44,"2025-02-19 11:00",,0.2,7,10,1,120.97236752,24.8056356,24
新竹,新竹市,37,,良好,,,,40,11,8,,,,3.4,44,"2025-02-19 12:00",,0.2,7,11,1,120.97236752,24.8056356,24
新竹,新竹市,36,,良好,1.4,0.22,43,40,11,4,7,9,1.6,2.8,63,"2025-02-19 13:00",,0.2,7,11,1,120.97236752,24.8056356,24
新竹,新竹市,36,,良好,1.4,0.22,44,40,8,8,7,8.4,1.7,2,65,"2025-02-19 14:00",,0.2,7,10,1,120.97236752,24.8056356,24
新竹,新竹市,36,,良好,1.7,0.23,43,40,11,6,8,9.6,1.5,2.7,33,"2025-02-19 15:00",,0.2,7,10,1,120.97236752,24.8056356,24
新竹,新竹市,37,,良好,1.5,0.24,40,40,10,6,9,10.5,1.3,2,54,"2025-02-19 16:00",,0.2,6,10,1,120.97236752,24.8056356,24
新竹,新竹市,36,,良好,1.4,0.26,36,40,10,6,10,11.8,1.2,1.8,54,"2025-02-19 17:00",,0.2,6,10,1,120.97236752,24.8056356,24
新竹,新竹市,36,,良好,1.4,0.32,30,39,11,5,15,16.2,0.9,2.2,28,"2025-02-19 18:00",,0.2,6,10,1,120.97236752,24.8056356,24
新竹,新竹市,40,,良好,1,0.37,26,38,11,6,17,18,0.7,1.8,36,"2025-02-19 19:00",,0.2,6,10,1,120.97236752,24.8056356,24
新竹,新竹市,36,,良好,1.2,0.35,28,36,7,8,15,15.7,0.6,0.9,52,"2025-02-19 20:00",,0.2,6,10,1,120.97236752,24.8056356,24
新竹,新竹市,33,,良好,0.9,0.34,27,34,9,11,15,15.5,0.6,1.5,42,"2025-02-19 21:00",,0.2,7,10,1,120.97236752,24.8056356,24
新竹,新竹市,38,,良好,1.3,0.37,25,32,8,8,17,17.5,0.6,0.8,82,"2025-02-19 22:00",,0.3,8,9,1,120.97236752,24.8056356,24
新竹,新竹市,33,,良好,1.1,0.33,26,30,11,9,14,14.5,0.5,0.4,57,"2025-02-19 23:00",,0.3,8,9,1,120.97236752,24.8056356,24
新竹,新竹市,38,,良好,0.9,0.37,18,27,10,9,16,16.7,0.6,0.8,74,"2025-02-20 00:00",,0.3,8,9,1,120.97236752,24.8056356,24
新竹,新竹市,36,,良好,1.2,0.32,19,25,14,9,15,15.8,0.5,0.3,67,"2025-02-20 01:00",,0.3,8,10,1,120.97236752,24.8056356,24
新竹,新竹市,45,,良好,1.6,0.34,8,22,17,15,19,20.9,1.5,0.5,173,"2025-02-20 02:00",,0.3,9,11,1,120.97236752,24.8056356,24
新竹,新竹市,48,,良好,1.6,0.33,2,19,21,14,20,23,2.6,0.8,152,"2025-02-20 03:00",,0.3,10,13,1,120.97236752,24.8056356,24
新竹,新竹市,46,,良好,1.4,0.3,4,16,26,16,18,20.1,1.8,0.3,45,"2025-02-20 04:00",,0.3,12,16,1,120.97236752,24.8056356,24
新竹,新竹市,53,細懸浮微粒,普通,1.8,0.3,10,14,25,19,16,17.2,1.2,0.5,139,"2025-02-20 05:00",,0.3,13,18,1,120.97236752,24.8056356,24
新竹,新竹市,56,細懸浮微粒,普通,2,0.33,8,12,37,19,17,18.5,1.5,0.9,185,"2025-02-20 06:00",,0.3,14,21,1,120.97236752,24.8056356,24
新竹,新竹市,65,細懸浮微粒,普通,1.3,0.35,8,10,47,31,17,18.5,1.7,0.8,82,"2025-02-20 07:00",,0.3,18,26,1,120.97236752,24.8056356,24
新竹,新竹市,71,細懸浮微粒,普通,1.4,0.46,11,9,51,28,17,20.6,3.4,1.1,134,"2025-02-20 08:00",,0.3,20,31,1,120.97236752,24.8056356,24
新竹,新竹市,79,細懸浮微粒,普通,1.6,0.47,9,7,50,35,19,25.3,6.2,0.3,117,"2025-02-20 09:00",,0.3,23,36,1,120.97236752,24.8056356,24
新竹,新竹市,87,細懸浮微粒,普通,1.5,0.49,16,8,50,33,18,26.7,8.5,1.6,41,"2025-02-20 10:00",,0.3,26,39,1,120.97236752,24.8056356,24
新竹,新竹市,88,細懸浮微粒,普通,1.7,0.41,29,12,50,28,18,23,5,2,291,"2025-02-20 11:00",,0.3,26,41,1,120.97236752,24.8056356,24
新竹,新竹市,89,細懸浮微粒,普通,1.9,0.32,42,17,38,24,12,14.1,2.4,1.5,307,"2025-02-20 12:00",,0.3,26,41,1,120.97236752,24.8056356,24
新竹,新竹市,86,細懸浮微粒,普通,2.5,0.32,48,21,37,22,12,14.2,2.1,1.8,10,"2025-02-20 13:00",,0.3,25,40,1,120.97236752,24.8056356,24
新竹,新竹市,79,細懸浮微粒,普通,2,0.26,52,27,27,14,9,10.2,1.3,1.4,24,"2025-02-20 14:00",,0.3,23,38,1,120.97236752,24.8056356,24
新竹,新竹市,75,細懸浮微粒,普通,1.7,0.25,50,32,29,16,8,9,1.3,2.7,41,"2025-02-20 15:00",,0.3,21,35,1,120.97236752,24.8056356,24
新竹,新竹市,67,細懸浮微粒,普通,1.7,0.24,48,37,18,3,7,8.2,1.1,1.1,217,"2025-02-20 16:00",,0.3,18,33,1,120.97236752,24.8056356,24
新竹,新竹市,61,細懸浮微粒,普通,1.4,0.29,43,41,19,8,9,10.4,1,1.5,40,"2025-02-20 17:00",,0.3,16,30,1,120.97236752,24.8056356,24
新竹,新竹市,58,細懸浮微粒,普通,1.3,0.29,41,44,16,10,11,11.4,0.8,1.8,31,"2025-02-20 18:00",,0.2,15,28,1,120.97236752,24.8056356,24
新竹,新竹市,54,細懸浮微粒,普通,1.2,0.27,42,46,20,11,8,9,0.6,2.4,33,"2025-02-20 19:00",,0.2,14,26,1,120.97236752,24.8056356,24
新竹,新竹市,54,細懸浮微粒,普通,1.1,0.26,43,46,21,9,7,7.5,0.5,2.7,41,"2025-02-20 20:00",,0.2,14,25,1,120.97236752,24.8056356,24
新竹,新竹市,50,,良好,1.1,0.21,43,45,7,7,6,6.5,0.6,3.3,43,"2025-02-20 21:00",,0.2,12,21,1,120.97236752,24.8056356,24
新竹,新竹市,44,,良好,1.1,0.2,41,44,8,7,6,7.1,0.5,2.8,29,"2025-02-20 22:00",,0.2,11,19,1,120.97236752,24.8056356,24
新竹,新竹市,39,,良好,1.1,0.2,40,43,10,8,7,7.7,0.7,2.7,30,"2025-02-20 23:00",,0.2,10,16,1,120.97236752,24.8056356,24
新竹,新竹市,38,,良好,1.2,0.18,41,42,12,11,6,6.4,0.5,1.9,46,"2025-02-21 00:00",,0.2,9,13,1,120.97236752,24.8056356,24
新竹,新竹市,38,,良好,1.1,0.18,44,42,7,6,4,4.6,0.4,2,43,"2025-02-21 01:00",,0.2,8,12,1,120.97236752,24.8056356,24
新竹,新竹市,39,,良好,0.9,0.19,44,42,0,4,4,4.3,0.7,2.6,35,"2025-02-21 02:00",,0.2,8,10,1,120.97236752,24.8056356,24
新竹,新竹市,39,,良好,1.2,0.18,43,42,0,8,4,4.1,0.5,2,35,"2025-02-21 03:00",,0.2,7,8,1,120.97236752,24.8056356,24
新竹,新竹市,39,,良好,1.3,0.17,43,42,3,6,3,3.6,0.5,1.8,33,"2025-02-21 04:00",,0.1,7,6,1,120.97236752,24.8056356,24
新竹,新竹市,39,,良好,1.7,0.19,41,42,5,5,4,4.2,0.5,1.4,33,"2025-02-21 05:00",,0.1,7,5,1,120.97236752,24.8056356,24
新竹,新竹市,38,,良好,1.6,0.2,41,42,5,5,4,4.6,0.7,2.9,37,"2025-02-21 06:00",,0.1,7,5,1,120.97236752,24.8056356,24
新竹,新竹市,39,,良好,1.8,0.19,41,42,13,6,5,5.3,0.6,2.5,52,"2025-02-21 07:00",,0.1,6,7,1,120.97236752,24.8056356,24
新竹,新竹市,38,,良好,1.8,0.25,38,42,9,5,8,8.6,0.6,3.3,31,"2025-02-21 08:00",,0.1,6,7,1,120.97236752,24.8056356,24
新竹,新竹市,38,,良好,2.2,0.26,39,41,8,2,9,9.8,0.7,3.8,34,"2025-02-21 09:00",,0.2,5,7,1,120.97236752,24.8056356,24
新竹,新竹市,37,,良好,1.9,0.24,38,40,7,3,10,11.1,1.3,3.5,27,"2025-02-21 10:00",,0.2,5,7,1,120.97236752,24.8056356,24
新竹,新竹市,36,,良好,2.1,0.24,38,40,6,5,10,11.5,1.3,3.3,35,"2025-02-21 11:00",,0.2,5,6,1,120.97236752,24.8056356,24
新竹,新竹市,36,,良好,2.2,0.24,39,39,10,4,10,11.1,1.3,3.9,36,"2025-02-21 12:00",,0.2,4,6,1,120.97236752,24.8056356,24
新竹,新竹市,36,,良好,1.5,0.24,42,40,7,6,8,9.7,1.4,4,30,"2025-02-21 13:00",,0.2,5,6,1,120.97236752,24.8056356,24
新竹,新竹市,36,,良好,1.5,0.23,43,40,6,8,8,9.1,1.2,4.4,29,"2025-02-21 14:00",,0.2,6,6,1,120.97236752,24.8056356,24
新竹,新竹市,37,,良好,1.3,0.23,45,40,11,7,7,8.5,1.1,3.9,28,"2025-02-21 15:00",,0.2,6,8,1,120.97236752,24.8056356,24
新竹,新竹市,38,,良好,1.3,0.24,45,41,9,3,7,8.3,0.9,4.4,34,"2025-02-21 16:00",,0.2,5,8,1,120.97236752,24.8056356,24
新竹,新竹市,38,,良好,1.8,0.25,41,41,7,6,10,10.8,1,3.7,39,"2025-02-21 17:00",,0.2,6,8,1,120.97236752,24.8056356,24
新竹,新竹市,38,,良好,1.9,0.29,39,41,12,6,12,12.3,0.8,4.6,21,"2025-02-21 18:00",,0.2,5,9,1,120.97236752,24.8056356,24
新竹,新竹市,38,,良好,2.1,0.28,39,42,12,8,11,11.5,0.6,4.1,35,"2025-02-21 19:00",,0.2,6,9,1,120.97236752,24.8056356,24
新竹,新竹市,38,,良好,1.9,0.3,38,41,8,5,10,10.4,0.5,3.3,22,"2025-02-21 20:00",,0.2,6,9,1,120.97236752,24.8056356,24
新竹,新竹市,37,,良好,2.2,0.31,35,41,8,9,12,12.9,0.6,3.5,30,"2025-02-21 21:00",,0.2,6,9,1,120.97236752,24.8056356,24
新竹,新竹市,36,,良好,2.2,0.29,36,40,9,9,11,12,0.7,3.4,23,"2025-02-21 22:00",,0.2,7,9,1,120.97236752,24.8056356,24
新竹,新竹市,35,,良好,2,0.27,37,39,6,5,9,9.6,0.6,3.8,32,"2025-02-21 23:00",,0.2,7,8,1,120.97236752,24.8056356,24
新竹,新竹市,34,,良好,2.3,0.23,40,38,5,5,7,7.4,0.5,4.2,44,"2025-02-22 00:00",,0.2,7,7,1,120.97236752,24.8056356,24
新竹,新竹市,34,,良好,2.3,0.23,41,38,6,5,6,6.4,0.5,3.7,35,"2025-02-22 01:00",,0.2,6,7,1,120.97236752,24.8056356,24
新竹,新竹市,35,,良好,1.6,0.22,40,38,5,5,6,5.8,0,2.9,33,"2025-02-22 02:00",,0.2,6,6,1,120.97236752,24.8056356,24
新竹,新竹市,35,,良好,1.6,0.22,39,38,3,8,6,5.7,0.1,2.6,33,"2025-02-22 03:00",,0.2,6,6,1,120.97236752,24.8056356,24
新竹,新竹市,35,,良好,1.6,0.21,40,39,4,6,5,5.2,0.2,2.9,36,"2025-02-22 04:00",,0.2,6,5,1,120.97236752,24.8056356,24
新竹,新竹市,36,,良好,1.7,0.22,40,39,10,8,5,5.1,0.2,2.7,37,"2025-02-22 05:00",,0.2,7,6,1,120.97236752,24.8056356,24
新竹,新竹市,36,,良好,1.7,0.23,40,40,9,5,5,5.6,0.2,3.3,38,"2025-02-22 06:00",,0.2,7,6,1,120.97236752,24.8056356,24
新竹,新竹市,37,,良好,1.7,0.24,40,40,13,10,6,6.6,0.2,2.8,51,"2025-02-22 07:00",,0.2,7,8,1,120.97236752,24.8056356,24
新竹,新竹市,37,,良好,1.5,0.26,40,40,11,17,7,7.6,0.5,2.7,51,"2025-02-22 08:00",,0.2,9,9,1,120.97236752,24.8056356,24
新竹,新竹市,36,,良好,1.4,0.27,39,40,8,2,7,7.8,0.9,2.5,68,"2025-02-22 09:00",,0.2,8,8,1,120.97236752,24.8056356,24
新竹,新竹市,36,,良好,0.9,0.28,39,40,7,3,6,7.6,1.2,3.5,24,"2025-02-22 10:00",,0.2,7,8,1,120.97236752,24.8056356,24
新竹,新竹市,37,,良好,0.7,0.31,42,40,11,0,8,9,1.4,2.9,31,"2025-02-22 11:00",,0.2,6,8,1,120.97236752,24.8056356,24
新竹,新竹市,37,,良好,0.5,0.32,44,41,8,5,8,9.2,1.4,3.5,29,"2025-02-22 12:00",,0.2,4,8,1,120.97236752,24.8056356,24
新竹,新竹市,37,,良好,0.7,0.32,43,41,13,12,8,9.8,1.7,4.2,33,"2025-02-22 13:00",,0.2,6,9,1,120.97236752,24.8056356,24
新竹,新竹市,38,,良好,1,0.3,42,41,12,9,8,9.3,1.5,2.9,56,"2025-02-22 14:00",,0.2,7,10,1,120.97236752,24.8056356,24
新竹,新竹市,38,,良好,0.8,0.3,40,41,9,9,8,9,1,4.2,26,"2025-02-22 15:00",,0.2,8,10,1,120.97236752,24.8056356,24
新竹,新竹市,37,,良好,0.7,0.31,38,41,8,5,10,10.9,0.9,2.7,41,"2025-02-22 16:00",,0.3,8,10,1,120.97236752,24.8056356,24
新竹,新竹市,37,,良好,0.4,0.32,36,41,11,6,11,12,0.7,3.5,31,"2025-02-22 17:00",,0.3,7,10,1,120.97236752,24.8056356,24
新竹,新竹市,37,,良好,0.5,0.33,37,40,7,10,12,12,0.3,2.7,56,"2025-02-22 18:00",,0.3,7,9,1,120.97236752,24.8056356,24
新竹,新竹市,36,,良好,0.5,0.32,36,40,7,7,12,12,0.3,2.5,45,"2025-02-22 19:00",,0.3,7,8,1,120.97236752,24.8056356,24
新竹,新竹市,35,,良好,0.6,0.32,36,39,7,6,11,11.2,0.4,2.4,47,"2025-02-22 20:00",,0.3,7,8,1,120.97236752,24.8056356,24
新竹,新竹市,34,,良好,0.8,0.3,36,38,5,10,11,11.2,0.4,1.9,44,"2025-02-22 21:00",,0.3,8,7,1,120.97236752,24.8056356,24
新竹,新竹市,34,,良好,0.8,0.26,39,37,13,11,8,8.1,0.2,2.8,32,"2025-02-22 22:00",,0.3,8,8,1,120.97236752,24.8056356,24
新竹,新竹市,34,,良好,0.6,0.24,40,37,9,7,8,7.7,0.2,3.8,28,"2025-02-22 23:00",,0.3,8,8,1,120.97236752,24.8056356,24
新竹,新竹市,37,,良好,0.7,0.22,41,38,9,11,6,6.4,0.1,3,30,"2025-02-23 00:00",,0.2,9,9,1,120.97236752,24.8056356,24
新竹,新竹市,36,,良好,0.9,0.22,40,38,7,9,6,6.1,0.2,3.7,28,"2025-02-23 01:00",,0.2,9,9,0,120.97236752,24.8056356,24
新竹,新竹市,35,,良好,1.4,0.21,41,39,9,8,6,6.3,0.4,2.5,38,"2025-02-23 02:00",,0.2,8,8,0,120.97236752,24.8056356,24
新竹,新竹市,36,,良好,1.1,0.2,43,40,9,4,4,4.8,0.4,2.8,22,"2025-02-23 03:00",,0.2,8,8,0,120.97236752,24.8056356,24
新竹,新竹市,37,,良好,1.5,0.2,42,40,6,5,4,4.8,0.6,2.5,34,"2025-02-23 04:00",,0.2,7,8,0,120.97236752,24.8056356,24
新竹,新竹市,38,,良好,1.7,0.2,43,41,5,3,3,4,0.7,3.2,26,"2025-02-23 05:00",,0.2,6,7,0,120.97236752,24.8056356,24
新竹,新竹市,38,,良好,1.6,0.21,42,42,4,5,3,3.6,0.3,1.6,42,"2025-02-23 06:00",,0.2,6,6,0,120.97236752,24.8056356,24
新竹,新竹市,38,,良好,1.5,0.22,42,42,3,8,4,4.1,0.4,2.5,29,"2025-02-23 07:00",,0.2,6,5,0,120.97236752,24.8056356,24
新竹,新竹市,38,,良好,1.5,0.24,42,42,1,6,5,5.8,0.5,3,34,"2025-02-23 08:00",,0.2,6,4,0,120.97236752,24.8056356,24
新竹,新竹市,39,,良好,1.8,0.26,42,42,0,4,6,6.7,0.7,2.4,45,"2025-02-23 09:00",,0.2,6,4,0,120.97236752,24.8056356,24
新竹,新竹市,39,,良好,1.8,0.26,44,43,0,7,6,6.3,0.6,3.1,28,"2025-02-23 10:00",,0.2,6,3,1,120.97236752,24.8056356,24
新竹,新竹市,39,,良好,1.9,0.27,46,43,6,6,6,6.3,0.8,3.1,44,"2025-02-23 11:00",,0.2,6,3,1,120.97236752,24.8056356,24
新竹,新竹市,40,,良好,1.9,0.29,46,44,6,6,6,6.4,0.8,3.4,36,"2025-02-23 12:00",,0.2,6,3,1,120.97236752,24.8056356,24
新竹,新竹市,40,,良好,1.8,0.3,46,44,4,7,7,8.4,1.1,3.9,35,"2025-02-23 13:00",,0.2,6,4,1,120.97236752,24.8056356,24
新竹,新竹市,41,,良好,1.8,0.29,48,45,6,5,5,6.3,1,4.6,28,"2025-02-23 14:00",,0.2,6,4,1,120.97236752,24.8056356,24
新竹,新竹市,42,,良好,1.7,0.29,48,45,6,5,5,5.9,0.8,4.3,29,"2025-02-23 15:00",,0.2,6,4,1,120.97236752,24.8056356,24
新竹,新竹市,42,,良好,1.6,0.29,47,46,10,10,6,6.2,0.7,4.4,31,"2025-02-23 16:00",,0.2,6,5,1,120.97236752,24.8056356,24
新竹,新竹市,43,,良好,1.6,0.29,46,46,8,6,6,6.4,0.6,3.6,34,"2025-02-23 17:00",,0.2,6,6,1,120.97236752,24.8056356,24
新竹,新竹市,43,,良好,1.6,0.29,45,46,9,7,6,6.7,0.6,4.9,25,"2025-02-23 18:00",,0.2,7,6,1,120.97236752,24.8056356,24
新竹,新竹市,43,,良好,1.9,0.29,45,46,8,4,6,7,0.6,4.4,27,"2025-02-23 19:00",,0.2,6,7,1,120.97236752,24.8056356,24
新竹,新竹市,43,,良好,2.4,0.29,45,46,10,3,6,7,0.5,4.2,31,"2025-02-23 20:00",,0.2,5,7,1,120.97236752,24.8056356,24
新竹,新竹市,42,,良好,2.6,,44,46,6,6,6,6.7,0.7,4.4,28,"2025-02-23 21:00",,,6,7,1,120.97236752,24.8056356,24
新竹,新竹市,42,,良好,2.3,0.28,45,46,5,9,5,5.8,0.5,3.7,39,"2025-02-23 22:00",,,6,7,1,120.97236752,24.8056356,24
新竹,新竹市,42,,良好,2.2,0.28,45,45,7,8,5,5.2,0.5,3.6,39,"2025-02-23 23:00",,,6,7,1,120.97236752,24.8056356,24
新竹,新竹市,42,,良好,2.5,0.27,45,45,5,4,4,5.1,0.5,4,30,"2025-02-24 00:00",,,6,6,1,120.97236752,24.8056356,24
新竹,新竹市,41,,良好,2.7,0.27,45,45,3,1,4,4.7,0.5,4.7,32,"2025-02-24 01:00",,0.2,6,5,1,120.97236752,24.8056356,24
新竹,新竹市,41,,良好,2.1,0.26,44,45,5,5,4,4.6,0.9,4.5,27,"2025-02-24 02:00",,0.2,5,5,1,120.97236752,24.8056356,24
新竹,新竹市,41,,良好,2.1,0.26,44,45,9,5,4,4.3,0.7,4,39,"2025-02-24 03:00",,0.2,5,6,1,120.97236752,24.8056356,24
新竹,新竹市,41,,良好,2.1,0.26,44,45,6,5,4,4.5,0.8,4.3,27,"2025-02-24 04:00",,0.2,5,6,1,120.97236752,24.8056356,24
新竹,新竹市,41,,良好,2.3,0.26,45,45,12,5,4,4.7,0.8,4.7,28,"2025-02-24 05:00",,0.2,5,7,1,120.97236752,24.8056356,24
新竹,新竹市,41,,良好,2.3,0.28,46,45,14,12,4,5.2,0.8,4.3,24,"2025-02-24 06:00",,0.2,6,8,2,120.97236752,24.8056356,24
新竹,新竹市,42,,良好,2,0.29,46,45,11,12,5,5.7,0.7,4.4,23,"2025-02-24 07:00",,0.2,7,9,2,120.97236752,24.8056356,24
新竹,新竹市,41,,良好,2.5,0.33,42,45,17,16,7,7.9,0.6,3.8,31,"2025-02-24 08:00",,0.2,9,10,2,120.97236752,24.8056356,24
新竹,新竹市,41,,良好,2.3,0.34,40,44,16,9,9,10.3,1,5.3,23,"2025-02-24 09:00",,0.2,10,11,2,120.97236752,24.8056356,24
新竹,新竹市,44,,良好,2.6,0.34,41,44,20,17,9,10.8,1.4,4.9,28,"2025-02-24 10:00",,0.2,11,13,2,120.97236752,24.8056356,24
新竹,新竹市,48,,良好,2.7,0.37,41,43,27,17,11,13,2,4.1,24,"2025-02-24 11:00",,0.3,12,16,2,120.97236752,24.8056356,24
新竹,新竹市,54,細懸浮微粒,普通,2.3,0.39,42,43,34,23,12,14.1,2.2,4.4,25,"2025-02-24 12:00",,0.3,14,19,2,120.97236752,24.8056356,24
新竹,新竹市,62,細懸浮微粒,普通,1.9,0.39,43,43,34,25,11,12.7,1.9,4.2,41,"2025-02-24 13:00",,0.3,16,22,2,120.97236752,24.8056356,24
新竹,新竹市,65,細懸浮微粒,普通,1.6,0.37,45,42,32,21,9,11.5,2,4.4,43,"2025-02-24 14:00",,0.3,18,25,2,120.97236752,24.8056356,24
新竹,新竹市,69,細懸浮微粒,普通,1.2,0.36,44,42,32,23,8,10.4,1.8,4.9,38,"2025-02-24 15:00",,0.3,19,27,2,120.97236752,24.8056356,24
新竹,新竹市,70,細懸浮微粒,普通,1,0.37,44,42,33,20,9,11.1,2,4.6,43,"2025-02-24 16:00",,0.3,19,28,2,120.97236752,24.8056356,24
新竹,新竹市,69,細懸浮微粒,普通,1.3,0.38,44,43,34,19,11,12.5,1.8,5,34,"2025-02-24 17:00",,0.3,19,29,2,120.97236752,24.8056356,24
新竹,新竹市,70,細懸浮微粒,普通,1.3,0.38,45,43,29,20,10,10.5,0.9,3.5,47,"2025-02-24 18:00",,0.3,20,29,2,120.97236752,24.8056356,24
新竹,新竹市,70,細懸浮微粒,普通,1.5,0.4,43,44,27,21,10,11.1,0.8,3.6,54,"2025-02-24 19:00",,0.3,20,29,2,120.97236752,24.8056356,24
新竹,新竹市,71,細懸浮微粒,普通,1.9,0.37,44,44,29,21,10,10.7,0.8,4.1,47,"2025-02-24 20:00",,0.3,20,29,2,120.97236752,24.8056356,24
新竹,新竹市,74,細懸浮微粒,普通,2.2,0.35,46,44,20,22,8,9.4,0.9,3.7,55,"2025-02-24 21:00",,0.3,21,27,2,120.97236752,24.8056356,24
新竹,新竹市,75,細懸浮微粒,普通,2.3,0.33,46,44,23,21,8,9,0.8,3.8,45,"2025-02-24 22:00",,0.3,21,27,2,120.97236752,24.8056356,24
新竹,新竹市,75,細懸浮微粒,普通,2.4,0.31,46,45,23,,8,8.9,0.6,3.8,46,"2025-02-24 23:00",,0.3,21,26,2,120.97236752,24.8056356,24
新竹,新竹市,73,細懸浮微粒,普通,2.2,0.29,46,45,24,18,7,7.7,0.7,3.3,45,"2025-02-25 00:00",,0.3,21,25,2,120.97236752,24.8056356,24
新竹,新竹市,68,細懸浮微粒,普通,2.1,0.26,45,45,16,13,6,7.2,0.8,1.8,36,"2025-02-25 01:00",,0.3,19,24,2,120.97236752,24.8056356,24
新竹,新竹市,61,細懸浮微粒,普通,1.8,0.26,45,45,16,10,6,6.3,0.4,1.6,50,"2025-02-25 02:00",,0.3,16,22,1,120.97236752,24.8056356,24
新竹,新竹市,59,細懸浮微粒,普通,2,0.27,43,45,13,11,6,6.1,0.3,1,76,"2025-02-25 03:00",,0.3,15,20,1,120.97236752,24.8056356,24
新竹,新竹市,54,細懸浮微粒,普通,1.7,0.26,42,45,10,9,5,5.3,0,0.6,59,"2025-02-25 04:00",,0.2,14,17,1,120.97236752,24.8056356,24
新竹,新竹市,56,細懸浮微粒,普通,1.8,0.27,40,44,10,18,5,5.6,0.2,0.2,46,"2025-02-25 05:00",,0.2,14,16,1,120.97236752,24.8056356,24
新竹,新竹市,56,細懸浮微粒,普通,1.4,0.28,37,43,10,13,7,6.8,0.1,0.8,32,"2025-02-25 06:00",,0.2,14,14,1,120.97236752,24.8056356,24
新竹,新竹市,54,細懸浮微粒,普通,1.7,0.32,32,41,21,10,12,11.9,0.4,1,64,"2025-02-25 07:00",,0.2,14,15,1,120.97236752,24.8056356,24
新竹,新竹市,53,細懸浮微粒,普通,1.6,0.41,30,39,14,9,15,15.4,0.7,1,42,"2025-02-25 08:00",,0.2,13,15,1,120.97236752,24.8056356,24
新竹,新竹市,52,二氧化氮,普通,1.7,0.48,22,36,25,14,24,27,3.2,0.8,75,"2025-02-25 09:00",,0.3,12,17,1,120.97236752,24.8056356,24
新竹,新竹市,49,,良好,1.1,0.47,25,34,30,14,20,25,5,0.7,139,"2025-02-25 10:00",,0.3,12,20,1,120.97236752,24.8056356,24
新竹,新竹市,52,細懸浮微粒,普通,1,0.43,29,32,25,16,17,22.4,5.3,0.9,38,"2025-02-25 11:00",,0.3,13,20,1,120.97236752,24.8056356,24
新竹,新竹市,57,細懸浮微粒,普通,0.9,0.49,36,31,30,22,19,24.3,5.2,2.2,287,"2025-02-25 12:00",,0.3,15,22,1,120.97236752,24.8056356,24
新竹,新竹市,62,細懸浮微粒,普通,1.5,0.45,50,33,37,23,17,20.3,3.2,2.1,301,"2025-02-25 13:00",,0.4,16,25,1,120.97236752,24.8056356,24
新竹,新竹市,69,細懸浮微粒,普通,1.6,0.38,65,36,34,29,13,14.4,1.5,2.2,278,"2025-02-25 14:00",,0.4,19,26,1,120.97236752,24.8056356,24
新竹,新竹市,72,細懸浮微粒,普通,1.7,0.36,72,41,37,21,11,11.8,0.9,2.6,281,"2025-02-25 15:00",,0.4,20,29,1,120.97236752,24.8056356,24
新竹,新竹市,70,細懸浮微粒,普通,1.2,0.3,62,45,38,14,9,9.5,0.6,3.4,290,"2025-02-25 16:00",,0.4,19,31,1,120.97236752,24.8056356,24
新竹,新竹市,76,細懸浮微粒,普通,0.7,0.34,61,50,53,36,9,9.4,0.4,1.9,290,"2025-02-25 17:00",,0.4,22,35,1,120.97236752,24.8056356,24
新竹,新竹市,86,細懸浮微粒,普通,1,0.37,59,54,62,47,11,11.6,0.4,1.2,36,"2025-02-25 18:00",,0.3,25,40,1,120.97236752,24.8056356,24
新竹,新竹市,95,細懸浮微粒,普通,0.7,0.4,56,57,62,37,12,12.7,0.3,1.1,298,"2025-02-25 19:00",,0.3,28,45,1,120.97236752,24.8056356,24
新竹,新竹市,108,細懸浮微粒,對敏感族群不健康,0.6,0.37,56,60,67,42,11,11.3,0.1,0.7,38,"2025-02-25 20:00",,0.3,33,51,1,120.97236752,24.8056356,24
新竹,新竹市,110,細懸浮微粒,對敏感族群不健康,0.7,0.39,54,60,68,35,11,10.9,0.2,0.8,294,"2025-02-25 21:00",,0.3,34,55,1,120.97236752,24.8056356,24
新竹,新竹市,110,細懸浮微粒,對敏感族群不健康,1.2,0.41,52,59,68,38,11,11.5,0.1,0.9,295,"2025-02-25 22:00",,0.3,34,57,1,120.97236752,24.8056356,24
新竹,新竹市,111,細懸浮微粒,對敏感族群不健康,1.3,0.38,50,56,65,35,11,11.2,0.2,1.2,282,"2025-02-25 23:00",,0.3,34,59,1,120.97236752,24.8056356,24
新竹,新竹市,107,細懸浮微粒,對敏感族群不健康,1.4,0.3,54,55,58,27,9,8.9,0.2,0.5,298,"2025-02-26 00:00",,0.3,33,59,1,120.97236752,24.8056356,24
新竹,新竹市,99,細懸浮微粒,普通,1.4,0.26,52,53,47,18,6,7.5,1.1,0.7,295,"2025-02-26 02:00",,0.3,30,55,1,120.97236752,24.8056356,24
新竹,新竹市,107,細懸浮微粒,對敏感族群不健康,1.3,0.3,53,54,49,33,8,7.9,0.2,0.7,312,"2025-02-26 01:00",,0.3,33,57,1,120.97236752,24.8056356,24
新竹,新竹市,92,細懸浮微粒,普通,1.2,0.23,44,52,47,17,7,7.7,1,0.8,302,"2025-02-26 03:00",,0.3,28,53,1,120.97236752,24.8056356,24
新竹,新竹市,87,細懸浮微粒,普通,1.3,0.22,40,48,54,24,6,7.4,0.9,1,56,"2025-02-26 05:00",,0.2,26,53,1,120.97236752,24.8056356,24
新竹,新竹市,91,細懸浮微粒,普通,1.2,0.22,41,50,51,21,6,7.4,1,1.3,41,"2025-02-26 04:00",,0.3,27,53,1,120.97236752,24.8056356,24
新竹,新竹市,83,細懸浮微粒,普通,1.4,0.25,36,46,59,18,8,8.7,1,0.6,59,"2025-02-26 06:00",,0.2,24,55,1,120.97236752,24.8056356,24
新竹,新竹市,84,細懸浮微粒,普通,1.3,0.28,33,44,52,23,9,10.1,1.1,0.6,31,"2025-02-26 07:00",,0.2,24,55,1,120.97236752,24.8056356,24
新竹,新竹市,87,細懸浮微粒,普通,1.4,0.47,16,40,67,32,22,24.3,2.1,0.9,65,"2025-02-26 08:00",,0.2,26,57,1,120.97236752,24.8056356,24
新竹,新竹市,88,細懸浮微粒,普通,1.4,0.58,8,34,65,30,31,36.3,5,0.5,66,"2025-02-26 09:00",,0.3,26,58,1,120.97236752,24.8056356,24
新竹,新竹市,85,細懸浮微粒,普通,1.2,0.37,24,30,30,16,19,22.3,3,1.4,59,"2025-02-26 10:00",,0.3,25,53,1,120.97236752,24.8056356,24
新竹,新竹市,81,細懸浮微粒,普通,,,20,27,14,17,,,,1.8,35,"2025-02-26 11:00",,0.3,23,46,1,120.97236752,24.8056356,24
新竹,新竹市,76,細懸浮微粒,普通,,,,25,15,,,,,0.9,31,"2025-02-26 12:00",,0.3,22,38,1,120.97236752,24.8056356,24
新竹,新竹市,63,細懸浮微粒,普通,2.4,0.27,,23,,7,14,16.3,2.7,2.6,33,"2025-02-26 13:00",,0.3,17,32,1,120.97236752,24.8056356,24
新竹,新竹市,57,細懸浮微粒,普通,1.4,0.25,28,21,8,7,10,12.2,1.7,1.1,49,"2025-02-26 14:00",,0.3,15,27,1,120.97236752,24.8056356,24
新竹,新竹市,49,,良好,1,0.23,34,22,12,5,9,10.6,1.7,0.8,52,"2025-02-26 15:00",,0.3,12,25,1,120.97236752,24.8056356,24
新竹,新竹市,53,細懸浮微粒,普通,0.9,0.24,34,24,33,17,9,10.8,1.7,1.4,36,"2025-02-26 16:00",,0.3,13,27,1,120.97236752,24.8056356,24
新竹,新竹市,51,細懸浮微粒,普通,1.2,0.26,36,29,23,7,10,11.7,1.4,2.2,30,"2025-02-26 17:00",,0.2,13,26,1,120.97236752,24.8056356,24
新竹,新竹市,49,,良好,1.4,0.3,35,31,24,7,11,12.4,1.2,1,35,"2025-02-26 18:00",,0.2,12,27,1,120.97236752,24.8056356,24
新竹,新竹市,53,細懸浮微粒,普通,1.6,0.35,31,33,27,17,13,13.8,1,0.4,13,"2025-02-26 19:00",,0.2,13,27,1,120.97236752,24.8056356,24
新竹,新竹市,49,,良好,1.7,0.37,28,32,30,14,14,15.2,1.1,0.3,93,"2025-02-26 20:00",,0.2,12,25,1,120.97236752,24.8056356,24
新竹,新竹市,46,,良好,1.4,0.41,22,31,38,9,16,17.7,1.1,0.3,41,"2025-02-26 21:00",,0.3,11,26,1,120.97236752,24.8056356,24
新竹,新竹市,48,,良好,1.3,0.37,26,31,23,12,16,16.9,1.2,0.3,156,"2025-02-26 22:00",,0.3,12,25,1,120.97236752,24.8056356,24
新竹,新竹市,45,,良好,1.2,0.37,25,29,22,13,15,15.6,0.9,1,289,"2025-02-26 23:00",,0.3,11,25,1,120.97236752,24.8056356,24
新竹,新竹市,41,,良好,1.1,0.24,36,30,20,7,8,9.2,1,0.7,278,"2025-02-27 00:00",,0.3,10,24,1,120.97236752,24.8056356,24