datacreationdate,pollutant,so2,co,o3,o3_8hr,pm10,pm2.5,no2,nox,no,co_8hr,pm2.5_avg,pm10_avg,so2_avg,AirPressure,AirTemperature,RelativeHumidity,WindSpeed,Precipitation,SunshineDuration
2025/2/1 01:00,1,0.7,0.21,26,23,2,7,8,8.5,0.4,0.3,18,22,1,1012.7,17,97,1.8,1,
2025/2/1 02:00,1,1.4,0.18,29,23,0,3,5,5.9,0.7,0.3,14,16,1,1012.3,17.1,97,1.6,1,
2025/2/1 03:00,0,1.1,0.17,29,24,0,2,5,5.5,0.3,0.2,11,11,1,1011.7,17.1,98,1.1,T,
2025/2/1 04:00,0,1.1,0.16,28,25,0,5,3,3.8,0.5,0.2,9,8,1,1011.1,17,98,1,0,
2025/2/1 06:00,0,1.2,0.17,22,24,1,3,5,5.1,0.5,0.2,8,6,1,1011,17.1,98,0.4,0,
2025/2/1 05:00,0,1.4,0.17,24,24,1,4,4,4.4,0.3,0.2,8,6,1,1010.7,17.2,98,0.3,0,0
2025/2/1 07:00,0,1.2,0.21,18,25,3,2,6,6.8,0.4,0.1,7,6,1,1010.7,17.4,95,0.6,0,0
2025/2/1 08:00,0,1.5,0.32,13,24,2,3,11,13.6,2.2,0.1,6,5,1,1011.2,17.5,94,0.7,0,0.2
2025/2/1 09:00,0,1.6,0.27,19,23,11,11,10,13,3.2,0.2,6,5,1,1011.5,18.4,93,0.2,0,0.6
2025/2/1 10:00,0,1.6,0.29,19,22,14,9,12,15.1,3.6,0.2,6,6,1,1011.8,19.3,87,0.4,0,0
2025/2/1 11:00,0,1.9,0.41,18,20,17,12,14,19.2,4.8,0.2,7,8,1,1010.9,21.3,81,0.3,0,0.1
2025/2/1 12:00,0,1.9,0.34,28,20,16,16,11,16.1,4.6,0.2,9,10,1,1009.8,23.7,74,0.9,0,0.9
2025/2/1 13:00,0,2,0.27,34,21,21,18,8,10.4,2.3,0.2,10,12,1,1009.2,22.4,77,0.6,0,0.5
2025/2/1 14:00,1,2.1,0.31,40,24,22,22,8,10.4,1.8,0.3,13,14,1,1008.6,21.8,78,2.1,0,0.3
2025/2/1 15:00,1,2.4,0.24,44,27,21,16,7,8.1,1.3,0.3,14,15,1,1007.9,20.2,81,4.2,0,0.7
2025/2/1 16:00,1,2,0.23,43,31,21,13,6,7.4,1,0.2,14,16,1,1008.2,19.6,84,3.3,0,0.5
2025/2/1 17:00,1,1.4,0.21,41,33,19,17,6,6.9,0.7,0.2,14,17,1,1008.6,18.6,89,1.6,0,0
2025/2/1 18:00,1,1.6,0.28,38,36,28,14,7,7.4,0.4,0.2,14,19,1,1008.6,18.2,93,4.3,0,0
2025/2/1 19:00,1,1.4,0.34,35,38,26,15,7,7.2,0.6,0.2,14,20,1,1010.2,17.3,94,3.9,1,0
2025/2/1 20:00,1,1.3,0.31,38,39,8,18,5,5.8,0.4,0.2,16,19,1,1010.8,16.5,93,3.8,1,
2025/2/1 21:00,1,1.2,0.3,35,39,12,5,7,7.6,0.5,0.2,14,18,1,1011.1,16.2,93,4.2,T,
2025/2/1 22:00,1,1.5,0.27,35,39,14,7,6,6.4,0.5,0.2,13,16,1,1011.5,15.9,93,3.9,1,
2025/2/1 23:00,0,1.5,0.26,35,38,8,8,5,5.4,0.4,0.2,12,14,1,1011.9,15.5,93,4.2,T,
2025/2/2 00:00,0,1.5,0.23,35,37,4,8,5,5.5,0.4,0.2,10,13,1,1011.8,15.3,94,1.7,0.5,
2025/2/2 01:00,0,1.8,0.22,35,36,7,5,5,5.3,0.4,0.2,10,12,1,1011.9,15.6,93,1.5,0,
2025/2/2 02:00,0,0.8,0.2,35,35,9,5,5,5,0.2,0.2,9,10,1,1011.4,15.6,94,1.7,0.5,
2025/2/2 03:00,0,0.8,0.21,32,35,9,7,5,5.5,0.2,0.2,8,10,1,1011.3,15.7,96,0.6,1,
2025/2/2 04:00,0,1,0.21,31,34,5,6,7,6.9,0.3,0.2,8,9,1,1011,15.6,97,1.3,1,
2025/2/2 05:00,0,1.2,0.18,40,35,6,8,4,3.9,0.4,0.2,8,9,1,1010.9,14.9,96,2.5,0,
2025/2/2 06:00,0,0.9,0.18,40,35,8,7,3,3.2,0.1,0.2,8,8,1,1011.5,15,96,2.9,0,0
2025/2/2 07:00,0,0.9,0.18,40,36,8,6,3,3.2,0.1,0.2,7,7,1,1012.6,14.8,96,3.1,T,0
2025/2/2 08:00,0,1,0.2,39,36,16,9,4,3.7,0.2,0.1,7,9,1,1013,14.9,96,2.4,0,0
2025/2/2 09:00,0,1.3,0.22,37,37,14,5,5,4.9,0.2,0.1,7,10,1,1013.1,14.8,95,2.3,T,0
2025/2/2 10:00,0,1.1,0.22,37,37,16,1,5,5.2,0.4,0.2,6,11,1,1013.3,15.1,94,3.2,0,0
2025/2/2 11:00,0,1.5,0.23,37,38,16,5,6,6,0.4,0.2,6,12,1,1012.5,15.3,92,3.3,T,0
2025/2/2 12:00,0,1.2,0.24,36,38,14,12,6,6.4,0.6,0.2,6,12,1,1011.7,15.7,92,2.4,0,0
2025/2/2 13:00,0,1.1,0.23,37,38,16,12,5,6.2,0.8,0.2,7,13,1,1010.8,15.9,91,1.9,0,0
2025/2/2 14:00,0,1.1,0.24,38,38,13,13,6,6,0.5,0.2,9,13,1,1010.1,15.7,92,2.7,0,0
2025/2/2 15:00,0,1.3,0.25,37,37,20,12,6,6.5,0.4,0.2,10,14,1,1010,15.8,92,2.3,0.5,0
2025/2/2 16:00,0,1.1,0.25,38,37,15,10,6,6.6,0.5,0.2,10,14,1,1010.5,15.3,93,3.2,0,0
2025/2/2 17:00,0,1.1,0.25,38,37,19,11,6,6.1,0.3,0.2,10,15,1,1011.6,15,94,3.3,T,0
2025/2/2 18:00,0,1,0.26,37,37,16,7,6,6.5,0.2,0.2,9,16,1,1011.9,14.9,95,2.2,T,0
2025/2/2 19:00,0,1.1,0.28,35,37,14,8,8,8.3,0.4,0.2,9,15,1,1012.2,14.9,95,2.2,T,0
2025/2/2 20:00,0,1.1,0.27,36,37,16,12,7,7.4,0.3,0.2,9,16,1,1012.9,15,95,3,T,
2025/2/2 21:00,0,1.2,0.28,35,37,17,10,7,7.7,0.3,0.2,9,15,1,1013,15.1,95,3,T,
2025/2/2 22:00,0,1.4,0.28,37,37,8,9,6,6.5,0.1,0.2,10,14,1,1013.1,15.3,96,2.4,T,
2025/2/2 23:00,0,1.2,0.26,37,37,12,12,6,5.9,0,0.2,11,14,1,1013.4,15.7,95,1.7,0,
2025/2/3 00:00,0,1.3,0.24,36,36,12,11,6,6,0.2,0.2,10,13,1,1013.2,15.7,93,2.4,0,
2025/2/3 01:00,0,1.2,0.23,41,37,8,8,4,4.1,0.1,0.2,10,12,1,1013.3,15.2,94,3,T,
2025/2/3 02:00,0,2.2,0.24,43,38,4,6,3,4.1,0.7,0.2,9,11,1,1013.5,14.8,95,2.6,T,
2025/2/3 03:00,0,2.3,0.24,43,38,2,5,3,3.9,0.6,0.2,8,9,1,1013.3,14.6,96,2.9,T,
2025/2/3 04:00,0,2.3,0.23,43,39,6,7,3,4.1,0.7,0.2,8,8,1,1013.4,14.5,96,2.8,0.5,
2025/2/3 07:00,0,2.3,0.23,44,42,5,7,4,4.4,0.5,0.2,8,6,1,1013.8,14.5,96,2,T,
2025/2/3 08:00,0,2.7,0.23,41,43,10,10,4,5.3,0.7,0.2,8,7,1,1014.7,14.3,95,2.7,T,0
2025/2/3 09:00,0,3,0.26,39,43,6,9,5,6.2,0.8,0.2,8,6,1,1015.6,13.4,95,3.4,T,0
2025/2/3 10:00,0,3.1,0.3,36,42,15,11,7,7.6,0.7,0.2,9,8,1,1016.8,12.9,94,3.8,0.5,0
2025/2/3 11:00,0,3.4,0.32,34,41,19,18,8,8.6,0.9,0.2,10,10,1,1017.9,12.5,93,3.9,T,0
2025/2/3 12:00,0,3.3,0.32,34,39,13,14,8,9.2,1.2,0.2,11,10,1,1017.9,12.1,93,3,T,0
2025/2/3 13:00,0,3.4,0.32,34,38,9,10,7,8.3,1,0.2,11,11,1,1017.4,12.2,93,3.5,0.5,0
2025/2/3 14:00,0,3.6,0.33,34,37,18,12,7,7.5,0.8,0.2,12,12,2,1016.9,12.3,92,4.2,T,0
2025/2/3 15:00,0,3.4,0.36,34,36,16,15,7,7.9,0.9,0.3,12,12,2,1016.3,12.3,92,3.2,T,0
2025/2/3 16:00,1,3.5,0.36,39,36,23,20,7,7.7,0.9,0.3,13,14,2,1016.6,12,90,3.7,T,0
2025/2/3 17:00,0,3.5,0.37,41,36,18,5,7,8.3,0.8,0.3,12,15,2,1017.4,11,92,3.6,0.5,0
2025/2/3 18:00,1,3.5,0.43,41,37,20,22,7,7.9,0.9,0.3,14,16,2,1017.9,10.4,92,3.9,T,0
2025/2/3 19:00,1,3.5,0.45,39,37,28,24,8,9.3,0.7,0.3,16,19,2,1018.7,10.7,88,4,T,0
2025/2/3 20:00,1,3.5,0.42,39,38,28,27,8,9,0.7,0.3,18,20,2,1019.1,10.3,91,3.6,T,0
2025/2/3 21:00,1,3.6,0.42,40,38,29,21,8,8.2,0.7,0.3,20,22,2,1019.2,10.8,88,3.5,T,0
2025/2/3 22:00,1,3.6,0.43,39,39,24,23,8,8.8,0.7,0.4,21,23,2,1019.4,11.3,87,2.3,T,
2025/2/3 23:00,1,3.6,0.4,40,40,24,20,7,7.3,0.6,0.4,20,23,2,1019.9,11.5,89,2.8,T,
2025/2/4 00:00,1,3.5,0.31,41,40,25,20,5,5.8,0.8,0.4,20,23,3,1020,11.6,89,2.4,T,
2025/2/4 01:00,1,3.4,0.27,42,40,28,19,5,5.4,0.6,0.3,20,24,3,1020.2,11,92,3.6,T,
2025/2/4 02:00,1,1.8,0.26,43,40,30,21,5,5.1,0.4,0.3,20,25,3,1020.3,11.2,90,4.3,T,
2025/2/4 03:00,1,1.7,0.26,44,41,28,19,4,4.4,0.5,0.3,20,26,3,1021.1,11.1,83,4.2,T,
2025/2/4 04:00,1,1.9,0.25,43,41,25,15,4,4.2,0.4,0.3,19,26,3,1021.1,10.3,87,3.7,0.5,
2025/2/4 05:00,1,1.9,0.25,42,42,30,16,4,5,0.4,0.3,19,27,3,1020.7,10.2,86,4.4,T,
2025/2/4 06:00,1,1.9,0.27,40,42,24,18,6,5.8,0.3,0.2,19,26,3,1020.5,10.6,82,3.4,0,
2025/2/4 07:00,1,2,0.29,38,42,32,17,6,6.9,0.3,0.2,18,27,3,1020.2,10.7,79,2.8,0,
2025/2/4 08:00,1,2.1,0.35,36,41,37,23,9,10.1,0.7,0.2,19,29,2,1020.2,10.7,76,2.8,0,0
2025/2/4 09:00,1,2,0.39,37,40,50,36,10,11.9,1.5,0.2,22,32,2,1020.3,10.5,78,2.8,0,0
2025/2/4 10:00,1,1.8,0.37,39,40,50,29,10,12.2,2.3,0.3,24,37,2,1020.8,11.4,65,3.5,0.5,0.6
2025/2/4 11:00,1,1.6,0.36,42,40,42,28,9,11.6,2.3,0.3,25,39,2,1020.7,13,61,2.2,0,1
2025/2/3 05:00,0,2.4,0.23,43,40,5,5,3,4,0.5,0.2,7,7,1,1020,13.9,55,4.2,0,1
2025/2/3 06:00,0,2.4,0.23,44,41,6,8,4,4.4,0.7,0.2,7,6,1,1019.7,15.2,49,3.3,0,1
2025/2/4 12:00,1,0.9,0.34,45,40,43,28,9,10.8,2.1,0.3,26,40,2,1018.7,16,46,5.2,0,1
2025/2/4 13:00,1,0.4,0.3,48,41,48,23,6,7.4,1.3,0.3,25,41,2,1017.1,15.7,48,5.4,0,1
2025/2/4 14:00,1,0.3,0.31,49,42,46,29,6,7.1,1.2,0.3,25,41,2,1016.9,15.6,48,4.2,0,1
2025/2/4 15:00,1,0.7,0.31,50,43,47,24,6,7.1,1.1,0.3,25,42,2,1017,14.7,50,3.8,0,1
2025/2/4 16:00,1,0.3,0.33,49,45,63,28,6,7.1,0.8,0.3,25,46,2,1018.2,13.7,52,5.5,0,1
2025/2/4 17:00,1,0.2,0.36,48,46,47,32,8,8.4,0.9,0.3,27,47,2,1018.6,13,56,4.5,0,0.7
2025/2/4 18:00,1,0.6,0.38,45,47,46,32,9,9.7,0.5,0.3,28,48,1,1018.4,12.1,57,2.9,0,0
2025/2/4 19:00,1,0.8,0.4,44,47,46,31,10,10.4,0.5,0.3,30,48,1,1018.4,11.8,56,2.4,0,0
2025/2/4 20:00,1,1.3,0.39,42,47,42,30,11,11.6,0.5,0.3,30,46,1,1018.9,11.7,56,1.6,0,
2025/2/4 21:00,1,1.7,0.4,40,46,41,30,12,12.8,0.4,0.3,30,45,1,1018.7,11.6,53,2.8,0,
2025/2/4 22:00,1,2.1,0.33,43,45,34,21,11,11.5,0.4,0.3,28,43,1,1018.4,11.8,50,1.9,0,
2025/2/4 23:00,1,1.7,0.29,44,44,24,19,8,8.9,0.3,0.3,26,39,1,1017.7,12.1,48,2.5,0,
2025/2/5 00:00,1,1.4,0.29,43,44,21,20,8,8.2,0.3,0.3,24,36,1,1017.6,12.3,49,2,0,
2025/2/5 02:00,1,2,0.27,43,43,24,14,6,6.3,0.5,0.3,22,31,1,1017.7,12.5,48,2.1,0,
2025/2/5 01:00,1,1.5,0.28,44,43,26,,7,7,0.4,0.3,23,33,1,1017.3,12.5,51,1.1,0,
2025/2/5 04:00,1,1.8,0.25,42,42,23,20,6,7.2,0.7,0.2,21,28,1,1016.9,12.5,52,1,0,
2025/2/5 03:00,1,1.8,0.26,42,42,23,18,6,7,0.6,0.3,21,29,1,1017.1,12.3,54,1.1,0,
2025/2/5 05:00,1,2,0.25,41,42,22,21,6,7.1,0.5,0.2,21,27,1,1017.1,12.1,57,0.8,0,
2025/2/5 06:00,1,2.2,0.27,38,42,29,15,8,7.9,0.4,0.2,20,26,1,1016.9,12,60,1.7,0,0
2025/2/5 07:00,1,2.2,0.29,34,41,27,21,12,12.5,0.6,0.2,20,26,1,1017.2,12.2,61,1.6,0,0
2025/2/5 08:00,1,2.2,0.36,31,39,30,19,15,17,1.5,0.2,19,27,1,1016.9,13.1,59,1.3,0,0
2025/2/5 09:00,1,2.1,0.43,31,38,33,19,17,20.1,2.7,0.2,19,28,1,1016.9,14.7,54,1.9,0,0.3
2025/2/5 10:00,1,2.1,0.33,36,37,26,13,13,16.1,2.8,0.3,18,27,1,1016.6,16.4,48,2.2,0,0.3
2025/2/5 11:00,1,1.6,0.31,39,36,26,11,11,12.9,2.3,0.3,16,27,1,1015.7,18.4,41,1.8,0,0.6
2025/2/5 12:00,1,0.9,0.29,42,36,21,11,10,11.5,2,0.3,15,26,1,1014.8,18.7,41,2.5,0,0.1
2025/2/5 13:00,1,0.6,0.27,46,37,22,11,10,11.6,2.1,0.3,14,24,1,1014,19.1,42,1.9,0,0.2
2025/2/5 14:00,1,0.4,0.27,48,38,24,14,9,10.4,1.6,0.3,14,24,1,1013.3,18.9,41,1,0,0.2
2025/2/5 15:00,1,0.5,0.28,46,40,22,10,10,11.2,1.3,0.3,13,23,1,1013.3,18.5,44,1.7,0,0
2025/2/5 16:00,1,0.6,0.28,40,41,22,12,11,12.9,1.4,0.3,13,23,1,1013.4,17.9,49,1.5,0,0
2025/2/5 17:00,1,0.4,0.32,33,41,23,11,15,16.2,1.3,0.2,13,24,1,1014,17.2,52,1.6,0,0
2025/2/5 18:00,1,0.3,0.39,26,40,30,18,20,21.1,1.3,0.3,13,24,1,1014.1,16.2,56,2.2,0,0
2025/2/5 19:00,1,0.3,0.43,22,38,29,15,21,22.1,1,0.3,14,25,1,1014.5,15.2,61,1.1,0,0
2025/2/5 20:00,1,0.5,0.42,22,36,24,12,20,20.8,0.9,0.3,14,25,1,1015.7,14.6,64,1.4,0,
2025/2/5 21:00,1,0.8,0.47,16,32,26,14,24,24.6,1.1,0.3,14,25,1,1016,14.4,64,0.8,0,
2025/2/5 22:00,1,1,0.4,21,28,22,13,21,22.2,1.1,0.3,13,24,1,1016.4,14.1,70,0.6,0,
2025/2/5 23:00,1,0.5,0.38,23,26,17,11,16,16.4,0.8,0.3,12,22,1,1016.1,14.4,69,1,0,
2025/2/6 00:00,1,0.7,0.35,21,23,16,13,15,16,0.5,0.3,13,21,1,1015.8,14.7,67,0.4,0,
2025/2/6 01:00,1,0.8,0.3,23,22,,22,13,13.6,0.6,0.3,14,20,1,1015.4,14.8,68,0.8,0,
2025/2/6 02:00,1,1.7,0.26,26,22,21,9,9,9.5,0.4,0.3,14,20,1,1015,14.9,71,1.3,0,
2025/2/6 03:00,1,1.5,0.27,24,22,9,10,10,10.9,0.4,0.3,13,18,1,1014.9,14.8,73,0.3,0,
2025/2/6 04:00,1,1.4,0.25,27,23,14,11,8,8.8,0.4,0.3,13,17,1,1014.7,14.7,75,1.2,0,
2025/2/6 05:00,1,1.4,0.25,27,24,24,23,9,9.2,0.3,0.3,14,19,1,1014.8,14.6,78,0.9,0,
2025/2/6 06:00,1,1.4,0.25,26,25,12,8,8,8.3,0.3,0.2,13,17,1,1015.3,14.8,78,0.8,0,0
2025/2/6 07:00,1,1.3,0.26,25,25,10,13,10,10.6,0.3,0.2,14,16,1,1016.3,14.8,78,0.2,0,0
2025/2/6 08:00,1,1.3,0.38,18,25,16,10,16,17.5,1,0.2,13,16,1,1016.4,14.9,79,0.7,0,0
2025/2/6 09:00,0,1.4,0.43,17,24,8,10,21,23.6,2.5,0.2,12,13,0,1016.8,15.3,79,0.8,0,0
2025/2/6 10:00,3,1.7,0.46,16,22,19,11,23,26.3,3.5,0.3,12,14,0,1016.7,15.9,76,1.4,0,0
2025/2/6 11:00,0,1.7,0.4,23,22,13,8,20,23.7,3.8,0.3,11,14,0,1015.6,16.8,73,1.4,0,0
2025/2/6 12:00,0,,0.37,27,22,16,,17,21.2,3.9,0.3,11,14,0,1014.4,17.6,70,1.8,0,0
2025/2/6 13:00,0,1.1,0.34,12,21,,,14,17.4,3.5,0.3,10,15,0,1013.3,19.8,62,0.4,0,0.2
2025/2/6 14:00,0,1,0.33,24,20,13,15,12,14.2,2.1,0.3,12,14,1,1012.4,20.1,56,0.5,0,0
2025/2/6 15:00,1,0.9,0.36,32,21,23,13,13,14.4,1.3,0.3,13,16,1,1012.4,19.5,55,0.6,0,0
2025/2/6 16:00,1,0.9,0.36,32,23,21,16,14,15.2,1.1,0.3,14,17,1,1012.8,19.1,68,1.9,0,0
2025/2/6 17:00,1,1.4,0.4,22,23,21,15,20,21.4,1.2,0.3,13,17,1,1013.5,18.6,70,1.2,0,0
2025/2/6 18:00,1,1,0.48,17,24,20,17,25,25.7,1,0.3,14,18,1,1014.3,17.4,76,1.7,0,0
2025/2/6 19:00,1,0.9,0.56,11,22,27,17,28,28.7,0.9,0.4,15,20,1,1015,17,78,1.5,0,0
2025/2/6 20:00,1,1.4,0.6,7,20,21,18,32,33.6,1.3,0.4,15,20,1,1015.5,16.6,80,0.8,0,
2025/2/6 21:00,1,0.9,0.49,10,19,18,15,29,29.9,1.3,0.4,16,20,1,1015.2,16.3,81,0.8,0,
2025/2/6 22:00,1,0.5,0.46,17,19,14,15,20,20.9,0.6,0.4,16,19,1,1015.6,16.5,81,0.9,0,
2025/2/6 23:00,1,0.6,0.36,24,18,11,11,16,16.8,0.5,0.4,15,17,1,1016.1,16,84,1.7,0,
2025/2/7 03:00,0,0.9,0.24,38,25,7,11,6,6.8,0.8,0.3,12,13,1,1016.2,16.3,86,1.1,0,
2025/2/7 02:00,0,1.2,0.24,41,22,10,8,5,5.9,0.7,0.4,12,14,1,1016.7,16,89,1.7,0,
2025/2/7 01:00,1,1.3,0.24,36,19,12,9,9,9.5,0.2,0.4,13,14,1,1016.5,15.8,93,1,T,
2025/2/7 00:00,1,1,0.26,30,17,11,13,12,12.3,0.2,0.4,14,15,1,1016.1,15.8,95,0.5,T,
2025/2/7 04:00,0,1,0.26,38,29,4,6,6,6.9,0.7,0.3,11,11,1,1016,15.2,94,2.2,T,
2025/2/7 05:00,0,1,0.26,43,33,0,6,4,5.3,0.8,0.2,10,9,1,1016.8,14,94,3.7,T,
2025/2/7 06:00,0,1,0.26,43,37,0,5,4,4.5,0.6,0.2,9,7,1,1017.3,13.8,93,3.1,T,0
2025/2/7 07:00,0,1.4,0.27,42,39,5,5,5,6.2,0.7,0.2,8,5,1,1017.6,13.7,92,3.7,0,0
2025/2/7 08:00,0,1.8,0.3,39,40,4,6,8,8.5,0.8,0.2,7,5,1,1018.3,13.8,90,3.2,T,0
2025/2/7 09:00,0,2.1,0.31,37,40,3,7,10,11,0.9,0.2,7,4,1,1019.5,14,88,3.7,0,0
2025/2/7 10:00,0,2.2,0.27,38,40,7,4,9,9.9,1.2,0.2,6,5,1,1019.7,14.1,88,3.5,0,0
2025/2/7 11:00,0,2.1,0.29,35,40,8,5,10,12.1,1.7,0.2,6,5,1,1018.9,13.9,87,3.8,0,0
2025/2/7 12:00,0,2.2,0.26,36,39,11,5,10,11.7,1.7,0.2,6,6,1,1018.6,13.5,86,4.7,0,0
2025/2/7 13:00,0,2,0.24,39,39,10,5,8,9.2,1.4,0.2,5,7,1,1018.2,14.1,80,4.5,0,0
2025/2/7 14:00,0,1.9,0.25,40,38,13,7,7,8.5,1.3,0.2,6,8,1,1017.8,13.2,85,4.8,T,0
2025/2/7 15:00,0,2,0.25,41,38,12,11,7,8.1,0.9,0.2,6,8,1,1018.4,12.1,84,4.9,T,0
2025/2/7 16:00,0,2.3,0.26,39,38,21,12,9,10.4,1.3,0.2,8,10,1,1019.2,12.5,70,4.6,0,0
2025/2/7 17:00,0,2.1,0.26,39,38,31,15,9,10.2,1.3,0.2,9,14,1,1020.2,12.7,64,3.3,0,0
2025/2/7 18:00,0,2.3,0.28,38,38,36,18,9,10.2,1,0.2,11,19,1,1020.7,12.4,64,3.5,0,0
2025/2/7 19:00,0,2.6,0.29,39,39,37,9,8,9.2,0.8,0.2,11,23,1,1021.5,12.2,68,4.7,0,0
2025/2/7 20:00,0,2.6,0.27,40,39,29,17,7,8,0.7,0.2,12,25,1,1022.2,11.8,71,4.3,0,
2025/2/7 21:00,1,2.5,0.28,40,39,25,16,7,7.6,0.8,0.2,13,25,1,1022.2,12,70,2.7,0,
2025/2/7 22:00,1,2.9,0.32,35,39,26,15,9,10.2,0.9,0.2,13,25,1,1021.8,12.1,72,3,0,
2025/2/7 23:00,1,2.6,0.34,34,38,29,22,11,11.8,0.8,0.2,15,25,1,1021.6,11.4,81,4.9,0,
2025/2/8 00:00,1,2.6,0.31,37,38,21,18,7,8.2,0.7,0.2,16,24,1,1022.1,11.2,81,4.3,0,
2025/2/8 01:00,1,2.5,0.28,37,37,18,16,5,5.9,0.8,0.2,16,24,1,1021.8,10.7,84,4.3,0,
2025/2/8 02:00,1,1.9,0.26,36,37,16,17,5,5.5,0.8,0.2,17,23,2,1021.5,10.7,81,3.7,0,
2025/2/8 03:00,1,1.8,0.25,37,37,25,16,4,4.6,0.6,0.2,16,23,2,1021.7,10.6,74,3.9,0,
2025/2/8 04:00,1,2.1,0.23,38,37,31,19,4,4.4,0.6,0.2,17,24,2,1022.2,10.3,76,3.8,T,
2025/2/8 05:00,1,1.9,0.23,36,36,40,17,4,4.9,0.7,0.2,17,27,2,1022,10.3,76,3.2,T,
2025/2/8 06:00,1,2,0.25,33,36,40,20,6,6.1,0.5,0.2,17,31,2,1022.1,10.3,76,3.2,0,0
2025/2/8 07:00,1,2.3,0.26,32,36,37,17,6,6.6,0.7,0.2,18,32,2,1022.5,10.3,72,4,0,0
2025/2/8 08:00,1,2,0.28,31,35,47,20,7,7.9,1,0.2,18,35,2,1023.1,10.6,67,3,0,0
2025/2/8 09:00,1,2,0.29,31,34,51,19,7,8.5,1.2,0.2,18,37,2,1024.1,10.6,62,4.1,0,0
2025/2/8 10:00,1,1.9,0.27,32,34,60,25,7,8.7,1.6,0.2,20,41,2,1024.4,10.4,59,5.5,0,0
2025/2/8 11:00,1,1.9,0.26,32,33,54,18,7,8.7,1.5,0.2,20,44,2,1024.3,10.1,59,4.7,0,0
2025/2/8 12:00,1,1.9,0.26,33,33,44,15,7,9,1.9,0.2,19,45,2,1023.5,10.2,58,5.3,0,0
2025/2/8 13:00,2,1.9,0.24,34,32,46,13,7,8.4,1.7,0.2,18,45,2,1022.6,9.9,58,4.4,0,0
2025/2/8 14:00,2,2.1,0.22,35,33,30,12,7,8.1,1.4,0.2,16,42,2,1022,9.9,58,3.6,0,0
2025/2/8 15:00,2,2,0.23,34,33,34,11,7,8.8,1.5,0.2,15,40,2,1022.1,9.9,62,4.1,0,0
2025/2/8 16:00,2,2.1,0.24,33,33,31,14,8,8.7,1.2,0.2,15,39,2,1021.9,9.9,62,3.8,0,0
2025/2/8 17:00,1,2.2,0.24,33,33,37,16,8,9.1,1.2,0.2,15,37,2,1022.4,9.7,63,5.3,0,0
2025/2/8 18:00,2,2.1,0.25,34,34,29,11,7,7.9,0.9,0.2,14,37,2,1023,9.1,69,4.2,0,0
2025/2/8 19:00,1,2.3,0.25,34,34,21,13,8,8.6,0.9,0.2,14,34,2,1023,9,71,3.1,0,0
2025/2/8 20:00,1,2.7,0.26,34,34,24,13,9,9.4,0.8,0.2,14,33,2,1022.9,9.6,65,2.7,0,
2025/2/8 21:00,1,3,0.26,31,33,25,11,10,11.2,0.6,0.2,13,30,2,1022.9,10,63,2.3,0,
2025/2/8 22:00,1,3.1,0.26,30,33,21,16,10,11.1,0.9,0.2,13,27,2,1022.7,10,65,3.6,0,
2025/2/8 23:00,1,2.4,0.22,34,33,18,13,8,8.3,0.8,0.2,13,26,2,1022.3,10.3,65,4.1,0,
2025/2/9 00:00,1,2.5,0.22,33,33,19,12,6,7.2,0.7,0.2,13,24,2,1022.3,10.5,64,3.3,0,
2025/2/9 01:00,1,2.3,0.21,34,33,23,9,6,6.4,0.7,0.2,12,23,2,1022.5,10.5,65,3.2,0,
2025/2/9 02:00,0,1.6,0.2,35,33,16,11,6,5.6,0,0.2,12,21,2,1022.7,10.4,67,3.1,0,
2025/2/9 03:00,0,1.5,0.2,34,33,21,15,6,5.7,0.2,0.2,12,21,2,1022.8,10.4,70,2.5,0,
2025/2/9 04:00,0,1.7,0.19,35,33,14,12,4,4.7,0.2,0.2,12,20,2,1022.5,10.1,75,2.4,0,
2025/2/9 05:00,1,1.5,0.2,33,34,18,13,5,5.3,0.1,0.2,12,19,2,1022.9,9.9,80,2.6,0,
2025/2/9 06:00,1,1.6,0.2,35,34,10,11,5,4.9,0.2,0.2,12,17,2,1023.3,10.1,82,1.9,0,0
2025/2/9 07:00,0,1.6,0.21,31,34,7,9,6,6.2,0.3,0.2,12,15,2,1023.3,10.2,82,2.6,0,0
2025/2/9 08:00,0,1.7,0.23,31,34,6,8,7,7.5,0.4,0.2,11,13,2,1023.3,10.6,81,2,0,0
2025/2/9 09:00,0,1.9,0.24,32,33,6,11,7,8.2,0.8,0.2,11,11,2,1023.2,11.9,74,2.4,0,0
2025/2/9 10:00,0,1.5,0.24,36,33,8,9,6,7.1,1.2,0.2,10,10,2,1022.6,12.8,68,4.6,0,0.1
2025/2/9 11:00,0,1.7,0.25,37,34,18,9,6,6.8,1.1,0.2,10,11,2,1022.1,13.6,65,3.7,0,0
2025/2/9 12:00,0,1.2,0.25,37,34,10,8,6,7.7,1.2,0.2,10,11,2,1021.5,13.5,64,4.5,0,0
2025/2/9 13:00,0,0.8,0.22,38,35,12,13,5,6.2,1,0.2,10,12,1,1020.5,13.3,65,4.4,0,0
2025/2/9 14:00,0,0.4,0.22,39,35,22,9,5,5.8,0.8,0.2,10,14,1,1019.1,12.8,66,4.6,0,0
2025/2/9 15:00,0,0.2,0.22,41,36,20,9,5,5.9,0.7,0.2,10,14,1,1018.1,13.1,65,2.9,0,0.1
2025/2/9 16:00,0,0.3,0.22,42,38,21,9,5,6.1,0.8,0.2,10,15,1,1018.7,12.5,66,4,0,0
2025/2/9 17:00,0,0.6,0.23,42,39,21,11,6,5.9,0.4,0.2,10,17,1,1019.4,12.2,66,4.1,0,0
2025/2/9 18:00,0,0.6,0.25,42,40,23,12,6,6.6,0.1,0.2,10,17,1,1019.8,11.7,69,2.6,0,0
2025/2/9 19:00,0,0.8,0.27,39,40,23,13,8,8.3,0.1,0.2,11,18,1,1019.8,11.8,70,2.7,0,0
2025/2/9 20:00,0,1.3,0.26,39,40,23,13,9,9,0.3,0.2,11,19,1,1019.8,11.7,70,2.5,0,
2025/2/9 21:00,0,1.5,0.25,39,40,20,14,8,8.3,0.3,0.2,12,20,1,1020.1,11.9,69,3.2,0,
2025/2/9 22:00,0,1.4,0.25,38,40,15,9,8,7.7,0.2,0.2,12,19,1,1020.2,12.1,68,1,0,
2025/2/9 23:00,0,1.3,0.22,39,40,16,10,7,7.2,0.1,0.2,11,18,1,1020.1,12.2,68,1.7,0,
2025/2/10 00:00,0,1.1,0.21,39,40,16,8,6,6.6,0.2,0.2,10,18,1,1019.8,12.5,68,0.9,0,
2025/2/10 01:00,0,1.3,0.22,38,39,10,8,6,6.1,0.1,0.2,10,16,1,1019.9,12.4,69,1,0,
2025/2/10 02:00,0,1.3,0.22,35,38,13,11,8,8.4,0.3,0.2,10,16,1,1019.3,11.9,73,0.3,0,
2025/2/10 03:00,0,1.2,0.19,36,38,9,9,6,6.5,0.2,0.2,10,14,1,1018.9,12.8,70,0.7,0,
2025/2/10 04:00,0,1.1,0.19,36,37,9,7,5,5.4,0.2,0.2,10,13,1,1018.8,12.9,70,0.1,0,
2025/2/10 05:00,0,1.2,0.2,32,37,13,8,7,7.5,0.1,0.2,9,13,1,1019.1,12.5,76,0,0,
2025/2/10 06:00,0,1.8,0.22,21,34,11,9,16,16.8,0.3,0.2,9,12,1,1019.7,12.6,76,0.2,0,0
2025/2/10 07:00,0,1,0.28,21,32,18,10,17,17.7,0.7,0.2,9,13,1,1020.2,12.8,76,0.2,0,0
2025/2/10 08:00,3,1,0.41,10,28,13,11,29,34,4.8,0.2,10,13,1,1020.4,13.9,71,0.3,0,0
2025/2/10 09:00,3,0.8,0.5,15,26,17,12,25,33.3,8,0.2,10,14,1,1020.2,16.5,64,1.2,0,0.6
2025/2/10 10:00,0,0.5,0.3,30,25,12,12,12,15.9,4.2,0.2,10,14,1,1019.7,18.3,54,1,0,1
2025/2/10 11:00,0,0,0.28,36,25,9,6,10,12.8,3,0.2,10,12,0,1019.2,20.1,50,1.7,0,1
2025/2/10 12:00,0,0,0.27,43,26,20,7,9,11.4,2.1,0.3,9,13,0,1018.6,20.2,49,3.1,0,1
2025/2/10 13:00,0,0,0.28,47,28,20,12,8,9.5,1.4,0.3,9,14,0,1017.2,20.6,50,2.4,0,1
2025/2/10 14:00,0,0.5,0.26,50,32,18,11,9,10.3,1.6,0.3,9,15,0,1016.2,21.4,49,1.6,0,1
2025/2/10 15:00,0,0.6,0.28,49,35,21,12,9,10.9,1.4,0.3,10,17,0,1015.7,20.4,52,3,0,1
2025/2/10 16:00,0,0.6,0.29,46,40,27,13,9,10.2,1.4,0.3,11,19,0,1015.6,20.1,52,2.6,0,1
2025/2/10 17:00,0,0.4,0.28,43,43,27,10,9,10.3,1,0.2,11,20,0,1016.1,19.7,50,2,0,0.7
2025/2/10 18:00,0,0,0.34,34,43,16,8,13,13.3,0.7,0.2,10,20,0,1016.4,17.9,59,1.3,0,0
2025/2/10 19:00,0,,0.38,26,42,16,9,16,16.8,0.5,0.2,10,19,0,1016.8,16.6,64,1.7,0,0
2025/2/10 20:00,0,,0.38,27,40,15,10,15,15.8,0.4,0.3,10,18,0,1017.3,16.2,67,1,0,
2025/2/10 21:00,0,,0.4,24,37,10,10,17,17.3,0.6,0.3,10,15,0,1017.3,16,68,1,0,
2025/2/10 22:00,0,0,0.43,20,34,17,10,19,19.8,0.5,0.3,10,16,0,1017.4,15.2,73,0.8,0,
2025/2/10 23:00,0,0,0.42,20,30,14,7,20,20,0.5,0.3,10,16,0,1017.5,14.9,75,0.1,0,
2025/2/11 00:00,0,,0.45,16,26,8,7,18,18.7,0.4,0.3,9,14,0,1017.7,14.1,80,0.2,0,
2025/2/11 01:00,3,0,0.51,5,21,16,12,24,25.4,0.9,0.4,9,15,0,1017.6,13.7,81,0.3,0,
2025/2/11 02:00,0,0.8,0.45,6,18,17,13,20,20.8,0.6,0.4,10,15,0,1017.4,13.1,86,0.3,0,
2025/2/11 03:00,0,1,0.44,4,15,22,12,19,20.4,1.1,0.4,10,16,0,1017,12.9,85,1.1,0,
2025/2/11 04:00,3,1.5,0.41,0,12,20,16,22,26.9,4.5,0.4,12,17,0,1016.7,12.5,86,1.2,0,
2025/2/11 05:00,0,1.4,0.28,4,9,12,11,15,16.7,1.8,0.4,12,16,0,1016.8,12.2,87,1.2,0,
2025/2/11 06:00,0,1.3,0.29,4,7,11,11,17,19,2.2,0.4,12,15,0,1016.9,12,88,0.8,0,0
2025/2/11 07:00,0,1.6,0.33,6,6,8,9,16,18.8,2.3,0.3,11,13,0,1017.2,12.1,87,0.5,0,0
2025/2/11 08:00,3,1.7,0.79,2,4,15,9,23,52.3,29.5,0.4,10,12,0,1017.3,13.7,80,0.8,0,0.7
2025/2/11 09:00,3,2.3,1.09,4,4,24,14,29,71.4,42.6,0.5,11,14,0,1017.4,17.2,68,0.6,0,1
2025/2/11 10:00,3,3.3,0.55,7,4,31,17,26,56.7,30.6,0.5,12,18,0,1017.6,18.9,65,1.2,0,1
2025/2/11 11:00,1,3.5,0.35,21,6,27,20,19,30,11.4,0.5,14,20,1,1017.6,19.3,64,1.8,0,1
2025/2/11 12:00,1,1.6,0.31,34,10,23,14,13,16.5,3.7,0.4,15,22,1,1016.5,20.2,61,1.4,0,1
2025/2/11 13:00,1,1.4,0.32,42,15,16,17,12,15.5,2.9,0.5,15,21,1,1015.5,21.2,55,2,0,1
2025/2/11 14:00,1,1.9,0.28,51,21,19,10,9,11,1.6,0.5,14,20,1,1014.5,22.1,49,1.5,0,1
2025/2/11 15:00,1,1.6,0.25,51,26,15,10,8,9.6,1.3,0.4,13,18,1,1013.9,22.6,56,1.8,0,1
2025/2/11 16:00,0,1.3,0.22,42,31,27,11,9,10.9,1.5,0.4,12,19,1,1013.5,20.2,71,1.1,0,1
2025/2/11 17:00,0,0.9,0.25,44,36,38,14,9,10.3,1.1,0.3,12,22,1,1013.7,18.5,81,0.9,0,0.7
2025/2/11 18:00,1,0.7,0.29,40,40,36,14,10,10.8,0.5,0.2,13,26,1,1014.3,17.9,84,1,0,0
2025/2/11 19:00,1,0.3,0.39,32,42,47,19,14,14,0.3,0.2,14,31,1,1015,17.4,89,0.6,0,0
2025/2/11 20:00,1,0.4,0.31,32,42,41,14,14,14.1,0.3,0.2,15,34,1,1015.5,17.1,92,1,0,
2025/2/11 21:00,1,0.2,0.24,32,40,42,10,12,11.7,0,0.2,14,35,1,1015.9,16.6,94,0.3,0,
2025/2/11 22:00,2,0.8,0.29,25,37,48,15,14,14.4,0.2,0.2,14,38,1,1015.7,16.7,94,0.4,0,
2025/2/11 23:00,2,0.6,0.28,20,33,61,20,16,16.3,0.3,0.2,14,41,1,1015.5,16.7,94,0.3,0,
2025/2/12 00:00,2,0.6,0.26,22,31,62,20,15,15.4,0.4,0.2,15,45,1,1015.9,16.2,94,1,0,
2025/2/12 01:00,2,0.3,0.21,30,29,42,22,9,9,0.2,0.2,17,46,1,1015.7,15.8,95,0.5,0,
2025/2/12 02:00,2,1.4,0.2,30,28,58,20,8,9.1,0.6,0.2,18,49,1,1015.8,15.5,96,0.7,0,
2025/2/12 03:00,2,1.5,0.2,32,28,45,14,7,7.5,0.6,0.2,18,48,1,1015.8,15.5,97,0.4,0,
2025/2/12 04:00,2,1.2,0.2,32,28,45,15,6,6.6,0.7,0.2,17,47,1,1015.4,15.5,97,0.4,T,
2025/2/12 05:00,2,1.2,0.21,31,28,56,16,6,6.9,0.8,0.2,16,49,1,1015.6,15.7,96,0.1,0,
2025/2/12 06:00,2,1.3,0.24,23,27,63,18,8,8.6,0.7,0.2,16,51,1,1016.1,16,96,0.1,0,0
2025/2/12 07:00,2,1.3,0.26,21,28,79,18,10,10.3,0.8,0.2,17,57,1,1016.2,16.1,95,0.6,0,0
2025/2/12 08:00,2,1.3,0.32,21,27,84,21,12,12.5,1,0.2,18,63,1,1016.6,16,95,0.8,0,0
2025/2/12 09:00,2,1.7,0.44,16,26,56,29,16,18.7,2.6,0.2,20,64,1,1016.6,17,93,0.3,0,0
2025/2/12 10:00,2,1.7,0.47,8,23,49,30,22,31.2,9.3,0.2,22,62,1,1016.4,18.6,86,0.3,0,0
2025/2/12 11:00,1,1.6,0.48,5,20,44,30,19,34.6,15.2,0.3,24,57,1,1015.7,19.9,83,0.6,T,0
2025/2/12 12:00,1,,,6,16,41,,,,,0.3,25,51,1,1014.5,20.5,88,0.4,T,0
2025/2/12 13:00,1,2.2,0.56,,14,,27,22,36.8,15.3,0.3,25,50,1,1013.5,20.9,84,0.2,T,0
2025/2/12 14:00,1,3,0.88,4,12,63,50,,,,0.4,30,53,1,1013.1,21.2,85,0.1,0.5,0
2025/2/12 15:00,1,2.1,0.51,4,9,61,35,27,37.8,10.6,0.5,32,56,1,1013,18.7,96,1.3,T,0
2025/2/12 16:00,1,1.7,0.41,7,7,45,30,21,27,5.5,0.5,32,57,1,1013.1,18.2,96,1.2,T,0
2025/2/12 17:00,1,1.5,0.4,12,7,34,27,25,27.9,2.9,0.5,32,53,1,1014.3,17.7,97,1.3,0.5,0
2025/2/12 18:00,1,1.5,0.38,15,8,25,22,22,22.7,1.1,0.5,29,47,1,1015,16.7,98,0.4,1,0
2025/2/12 19:00,1,1.3,0.34,21,10,20,21,17,17.7,0.4,0.4,27,39,1,1015.7,16.2,98,0.7,2.5,0
2025/2/12 20:00,1,1.7,0.35,25,12,19,18,14,13.8,0.3,0.4,26,33,1,1016.3,16.3,98,1.5,2.5,
2025/2/12 21:00,1,1.8,0.41,21,13,15,16,17,17.7,0.5,0.4,24,28,1,1016.7,16.7,98,0.3,3.5,
2025/2/12 22:00,1,2,0.43,17,15,17,15,21,22.2,0.8,0.4,22,26,1,1016.6,16.9,99,0.6,2,
2025/2/12 23:00,1,2.2,0.37,17,17,5,10,22,22.3,0.7,0.3,20,22,1,1016.9,17,99,0.4,2,
2025/2/13 00:00,1,2.1,0.33,26,19,13,8,14,14.5,0.3,0.3,18,20,1,1017,17.1,99,0.7,3,
2025/2/13 01:00,1,1.9,0.35,25,21,9,7,12,12.5,0.4,0.3,16,19,1,1016.8,16.2,99,2.4,2,
2025/2/13 02:00,1,1.7,0.4,28,22,12,12,8,8.9,1.2,0.3,14,16,1,1016.5,15.5,97,3,1,
2025/2/13 03:00,1,1.8,0.43,30,24,23,21,6,6.9,1,0.3,15,17,1,1016.4,14.9,96,2.7,0.5,
2025/2/13 04:00,1,2.2,0.46,28,24,,21,7,7.9,1.1,0.3,16,16,1,1017.1,15,94,2.2,0.5,
2025/2/13 05:00,1,2.4,0.47,27,25,20,19,8,8.7,1,0.4,17,17,1,1016.8,14.2,95,3.3,1.5,
2025/2/13 06:00,1,2.6,0.47,26,26,10,11,7,8.5,1.1,0.4,16,16,1,1017.8,13.9,95,2.6,3.5,0
2025/2/13 07:00,1,2.8,0.44,26,27,7,9,8,9.5,1.2,0.4,14,12,1,1018.2,13.7,95,2.5,5.5,0
2025/2/13 08:00,1,2.8,0.53,27,27,6,9,10,11.7,1.5,0.4,12,11,2,1018.9,13.5,93,3.8,6,0
2025/2/13 09:00,0,3.2,0.58,29,28,5,6,13,14.9,1.8,0.4,10,9,2,1018.5,13.7,91,3.5,3,0
2025/2/13 10:00,0,3.3,0.54,32,28,4,6,13,14.8,2.1,0.4,10,7,2,1017.8,14.1,89,3.8,T,0
2025/2/13 11:00,0,3,0.52,31,28,7,10,14,16.5,2.6,0.5,10,8,2,1016.8,15,88,3.4,T,0
2025/2/13 12:00,0,3.1,0.46,32,29,6,12,14,17,2.8,0.5,10,7,2,1016.8,15.7,84,4,T,0
2025/2/13 13:00,0,3.3,0.36,36,30,13,14,11,14,2.5,0.4,12,8,2,1016.3,15.9,80,2.5,0,0
2025/2/13 14:00,0,2.8,0.3,38,31,16,13,8,10.5,2,0.4,12,10,2,1015.4,16.4,73,3.6,0,0
2025/2/13 15:00,0,2.8,0.32,37,33,18,11,9,11.4,2.1,0.4,12,11,2,1015.2,16.2,75,4.3,0,0
2025/2/13 16:00,1,2.7,0.34,34,34,23,20,12,13.6,1.8,0.4,13,14,2,1015.6,15.6,81,3.6,0,0
2025/2/13 17:00,1,2.6,0.35,32,34,21,19,13,15,1.8,0.3,14,15,2,1015.9,15,83,3.1,0,0
2025/2/13 18:00,1,2.9,0.36,31,34,28,10,13,14.6,1.6,0.3,13,17,2,1016.3,14.9,83,2.3,0,0
2025/2/13 19:00,1,2.6,0.35,31,34,16,12,12,13.4,1.5,0.3,14,17,2,1016.3,15,80,3.9,0,0
2025/2/13 20:00,1,2.6,0.32,34,34,18,18,10,11,1.3,0.3,14,17,2,1016.3,14.9,79,2.8,0,
2025/2/13 21:00,1,2.3,0.31,33,34,21,11,9,10.8,1.4,0.3,13,18,2,1016.8,15,80,2.1,0,
2025/2/13 22:00,1,2.6,0.29,34,33,16,10,9,10.3,1.3,0.3,13,17,2,1016.3,14.9,80,2.1,0,
2025/2/13 23:00,1,2.5,0.26,34,33,11,14,8,9.1,1.1,0.3,13,16,2,1016,15.2,78,1.9,0,
2025/2/14 00:00,0,2.8,0.24,35,33,12,9,7,8.1,1.1,0.3,12,16,2,1015.9,15.4,78,1.8,0,
2025/2/14 01:00,0,2.6,0.24,35,33,12,8,7,7.7,1.1,0.2,12,15,2,1015.4,15.5,79,2.4,0,
2025/2/14 02:00,0,1.2,0.21,36,34,12,7,6,6.9,1.1,0.2,11,14,2,1014.9,15.7,80,1.1,0,
2025/2/14 03:00,0,1.1,0.21,34,34,12,8,6,6.5,1,0.2,10,14,2,1014.2,15.6,82,0.7,T,
2025/2/14 04:00,0,1.1,0.21,31,34,9,7,7,7.8,1,0.2,9,13,2,1014,15.7,82,0.2,0,
2025/2/14 05:00,0,1,0.21,27,33,7,4,9,10.1,0.9,0.2,8,12,2,1014.4,15.8,84,0.1,T,
2025/2/14 06:00,0,0.6,0.21,28,33,8,4,7,8.5,1,0.2,8,10,2,1014.9,15.1,93,0.3,T,0
2025/2/14 07:00,0,0.8,0.25,22,31,9,4,12,13.3,1.2,0.2,7,10,2,1014.9,15.3,92,0.7,T,0
2025/2/14 08:00,0,1,0.38,15,28,9,7,20,21.9,2.3,0.2,6,9,2,1015.4,16.2,88,0.9,0,0
2025/2/14 09:00,0,0.8,0.46,18,26,15,9,22,24.5,2.9,0.2,7,10,2,1015.8,16.8,85,0.4,T,0
2025/2/14 10:00,0,0.8,0.45,18,24,13,10,21,25.6,4.8,0.2,8,11,2,1015.6,17.5,85,0.7,0,0
2025/2/14 11:00,0,0.3,0.43,19,22,12,9,21,26.4,5.7,0.3,8,11,1,1014.7,18.7,79,0.4,0,0
2025/2/14 12:00,0,0.2,0.37,26,22,18,5,18,21.7,4.2,0.3,8,12,1,1014,19.3,76,1.6,0,0
2025/2/14 13:00,0,0,0.31,32,22,21,6,13,16,2.6,0.3,7,14,1,1012.9,19.4,77,0.6,0,0
2025/2/14 14:00,0,0.1,0.24,36,23,25,7,9,11,1.8,0.3,7,16,1,1012.7,18.5,83,1.8,0,0
2025/2/14 15:00,0,0,0.25,35,25,18,8,9,10.9,2.1,0.3,6,17,1,1011.9,19.6,80,1.5,0,0.3
2025/2/14 16:00,0,0.1,0.27,31,27,15,5,12,14.8,2.6,0.3,6,16,1,1011.6,20.3,78,0.4,0,0
2025/2/14 17:00,0,0,0.32,28,28,18,9,14,16,1.6,0.3,7,17,1,1012,19.1,85,0.3,0,0
2025/2/14 18:00,0,0,0.37,26,29,28,12,14,15.7,1.3,0.3,8,18,1,1012.6,18.2,89,0.8,0,0
2025/2/14 19:00,0,0,0.37,25,30,26,9,15,15.7,0.9,0.3,8,19,1,1012.6,18,90,0.4,0,0
2025/2/14 20:00,0,0.2,0.55,15,29,24,12,20,21.5,1,0.3,9,21,0,1012.7,18.1,90,0,0,
2025/2/14 21:00,3,0,0.75,5,25,30,16,30,32.3,2.7,0.3,11,23,0,1013.1,18,91,0.3,0,
2025/2/14 22:00,1,0.1,0.71,4,21,55,35,29,33.1,4.2,0.4,14,28,0,1013.1,18,92,0.1,0,
2025/2/14 23:00,1,0,0.64,1,17,111,85,27,31,4.3,0.4,27,43,0,1013.2,17.8,91,0.1,0,
2025/2/15 00:00,1,0,0.66,0,13,108,77,27,32.8,5.7,0.5,38,57,0,1013.3,17.4,94,0.2,0,
2025/2/15 01:00,1,0,0.48,1,10,89,61,25,30.3,5,0.5,46,68,0,1013.4,16.9,97,0.3,0,
2025/2/15 02:00,1,2.1,0.32,6,7,67,41,18,19.4,1.1,0.5,48,71,0,1013,16.7,98,0.3,0,
2025/2/15 03:00,1,1.6,0.3,12,6,88,74,12,12.7,0.6,0.5,50,71,0,1012.7,16.9,98,0,0,
2025/2/15 04:00,1,1.5,0.24,18,6,60,37,12,12.9,0.8,0.5,46,67,0,1012.7,16.9,98,0.9,0,
2025/2/15 05:00,1,1.6,0.16,30,9,41,10,7,7.2,0.6,0.4,40,62,0,1012.8,16.3,99,0,0,
2025/2/15 06:00,1,1.6,0.19,27,12,30,10,6,6.7,0.5,0.3,36,57,0,1012.9,16.5,99,0.2,0,0
2025/2/15 07:00,1,1.7,0.29,11,13,29,18,15,15.8,1.1,0.3,29,50,0,1012.6,16.5,99,0.5,0,0
2025/2/15 08:00,1,1.8,0.37,9,14,21,19,14,17.4,3.2,0.2,27,45,0,1012.5,17.1,94,0.2,0,0.1
2025/2/15 09:00,1,1.8,0.4,14,16,35,31,12,18.2,5.7,0.2,30,44,0,1012.8,18.7,87,0.8,0,0.7
2025/2/15 10:00,1,1.6,0.29,25,18,43,18,11,14.8,3.6,0.2,31,46,0,1013,18.5,89,1.1,0,0.7
2025/2/15 11:00,1,1.7,0.27,30,20,58,22,9,10.9,1.9,0.2,29,47,0,1012.4,17.8,91,1.5,0,0.1
2025/2/15 12:00,1,1.6,0.25,35,23,59,15,8,10,1.6,0.2,26,50,0,1011.2,18.1,90,1.4,0,0
2025/2/15 13:00,1,1.2,0.24,42,24,62,19,7,8.5,1.4,0.2,22,52,0,1010.1,19.1,87,1.1,0,0.6
2025/2/15 14:00,2,1,0.24,44,26,52,13,7,9,1.7,0.2,20,52,0,1009.4,19.9,82,1.3,0,1
2025/2/15 15:00,2,1.4,0.24,46,30,53,19,8,9.5,1.7,0.2,18,50,0,1009.1,19.9,81,2.5,0,1
2025/2/15 16:00,2,1.7,0.22,47,35,52,19,8,9,1.2,0.2,18,49,1,1009.8,16.5,92,1.5,0,0.5
2025/2/15 17:00,2,1.3,0.23,50,40,48,18,7,7.7,0.8,0.2,18,48,1,1010.3,16.3,96,0.7,0,0
2025/2/15 18:00,2,1.4,0.25,48,43,43,16,8,9.1,0.5,0.2,18,47,1,1010.5,16.5,95,0.7,0,0
2025/2/15 19:00,1,1.2,0.33,42,44,61,27,11,12,0.7,0.2,20,49,1,1010.7,16.6,92,1.3,0,0
2025/2/15 20:00,1,1.5,0.32,38,45,45,27,12,12.7,0.7,0.2,21,50,1,1011.1,17,92,0.4,0,
2025/2/15 21:00,1,1.5,0.36,29,43,65,30,12,13.2,0.7,0.2,23,53,1,1011.2,16.9,92,0.8,0,
2025/2/15 22:00,1,1.6,0.41,21,40,70,37,15,16.1,0.6,0.2,26,57,1,1012.2,16.8,93,2.7,0,
2025/2/15 23:00,1,1.8,0.36,24,37,62,47,15,15.9,0.6,0.3,30,58,1,1012.4,16.4,96,1.1,0,
2025/2/16 00:00,1,1.9,0.4,20,34,58,41,17,17.8,0.7,0.3,32,59,1,1012.5,16.7,96,1,0,
2025/2/16 01:00,1,1.7,0.42,16,30,62,46,15,16,0.7,0.3,36,59,1,1012.5,16.8,96,0.5,0,
2025/2/16 02:00,1,1.7,0.38,15,26,46,32,12,12.1,0.4,0.3,36,56,1,1012.8,16.7,95,1,0,
2025/2/16 03:00,1,1.7,0.33,19,23,39,37,14,14.1,0.4,0.3,35,52,1,1012.4,16.6,95,0.8,0,
2025/2/16 04:00,1,1.7,0.27,24,21,31,25,11,11.5,0.3,0.3,33,48,1,1012.7,16.6,94,0.5,0,
2025/2/16 05:00,1,1.8,0.26,31,21,28,26,8,8.3,0.1,0.3,31,43,1,1013.1,16.7,93,1,0,
2025/2/16 06:00,1,1.6,0.24,31,22,16,19,7,7.4,0.4,0.3,30,38,1,1013.4,16.9,92,1.3,0,0
2025/2/16 07:00,1,1.7,0.26,28,23,21,16,8,8.9,0.5,0.3,27,34,1,1013.9,17.1,93,0.7,0,0
2025/2/16 08:00,1,1.8,0.26,28,24,23,15,9,9.5,0.7,0.3,25,32,1,1014.6,17.6,91,2.3,0,0
2025/2/16 09:00,1,1.9,0.28,29,25,25,19,8,9.3,0.8,0.2,24,30,1,1015,18.6,89,1.8,0,0
2025/2/16 10:00,1,1.6,0.3,29,27,23,22,9,10.1,1.2,0.2,23,29,1,1015.5,18.6,89,2.1,0,0
2025/2/16 11:00,1,1.5,0.41,25,28,23,16,10,12.3,1.9,0.2,22,28,1,1015.4,19,88,2,0,0
2025/2/16 12:00,1,1.5,0.42,33,29,28,20,10,12.7,2.4,0.3,22,27,1,1014.8,21.3,77,2.7,0,0.5
2025/2/16 13:00,1,1.8,0.4,42,31,24,16,9,10.6,1.7,0.3,20,25,1,1013.6,22.1,68,2.6,0,1
2025/2/16 14:00,1,2.5,0.41,49,33,29,24,9,10.4,1.4,0.3,20,25,1,1012.8,21.3,73,3.8,0,1
2025/2/16 15:00,1,2.2,0.43,49,36,33,21,9,10.4,1.4,0.3,20,26,1,1012.8,20.5,73,2.9,0,1
2025/2/16 16:00,1,2.3,0.45,46,38,40,17,10,11.4,1.1,0.3,19,28,1,1013.5,20.4,72,3.9,0,1
2025/2/16 17:00,1,2.2,0.46,44,40,33,23,12,12.9,1.1,0.4,20,30,1,1014.4,19.1,75,4.2,0,0.8
2025/2/16 18:00,1,1.9,0.5,41,41,38,24,13,13.7,0.8,0.4,20,32,1,1014.7,18.4,78,1.7,0,0
2025/2/16 19:00,1,1.5,0.55,39,43,41,21,13,13.7,0.4,0.4,20,34,1,1016,17.6,80,2.4,0,0
2025/2/16 20:00,1,1.7,0.57,44,44,38,30,12,12.2,0.6,0.4,23,34,1,1016.7,17.6,77,2.1,0,
2025/2/16 21:00,1,1.8,0.6,45,45,36,30,12,12.6,0.4,0.4,24,35,1,1017.4,17.4,77,2.9,0,
2025/2/16 22:00,1,1.7,0.58,50,45,47,35,11,11.6,0.5,0.5,26,37,1,1017.6,17,76,1.1,0,
2025/2/16 23:00,1,1.7,0.54,51,45,43,32,10,10.5,0.5,0.5,28,38,1,1017.6,16.9,75,2.7,0,
2025/2/17 00:00,1,2,0.47,50,46,27,22,8,8.1,0.3,0.5,27,37,1,1017.4,17,68,2.9,0,
2025/2/17 01:00,1,2.4,0.42,50,46,23,20,7,7.1,0.4,0.5,26,35,1,1017,17,59,1.9,0,
2025/2/17 02:00,1,1.4,0.35,55,48,33,20,5,5.7,0.6,0.5,24,33,1,1016.8,16.9,55,2.9,0,
2025/2/17 03:00,1,1.6,0.32,55,50,38,22,5,5.4,0.7,0.4,23,33,1,1016.8,16.7,56,2.7,0,
2025/2/17 04:00,1,2.1,0.33,56,52,39,22,5,5.8,0.6,0.4,23,34,1,1016.7,16.7,54,3.3,0,
2025/2/17 05:00,1,2.3,0.32,56,53,40,24,6,6.3,0.5,0.4,24,37,1,1016.8,16.6,51,2.2,0,
2025/2/17 06:00,1,2.5,0.33,53,53,36,19,7,7.4,0.6,0.3,23,37,1,1017.3,16.2,52,1.8,0,0
2025/2/17 07:00,1,2.4,0.32,53,53,42,23,9,9.5,0.6,0.3,23,38,1,1017.7,16.5,47,1.9,0,0
2025/2/17 08:00,1,2.6,0.37,51,54,52,24,12,13.7,1.1,0.3,23,40,1,1017.7,17.4,45,4.5,0,1
2025/2/17 09:00,1,2.8,0.37,53,54,60,23,13,14,1.4,0.3,23,43,2,1017.9,19.2,44,3.6,0,1
2025/2/17 10:00,1,2.1,0.33,57,54,69,25,10,11.4,1.4,0.3,23,48,2,1017.5,20.3,42,4.6,0,1
2025/2/17 11:00,1,1.7,0.34,60,55,67,27,9,10.2,1.1,0.3,24,52,2,1017,21.3,43,4.2,0,1
2025/2/17 12:00,1,1.8,0.38,63,56,74,,10,12,1.4,0.3,24,57,2,1016.5,22,42,4.3,0,1
2025/2/17 13:00,1,1.8,0.38,53,55,,27,10,11.5,1.3,0.3,25,60,2,1015.7,22.1,42,3.1,0,1
2025/2/17 14:00,1,1.7,0.37,56,56,68,28,9,10.8,1.3,0.3,26,61,2,1014.8,22.7,43,3.3,0,1
2025/2/17 15:00,1,1.7,0.37,62,57,66,25,9,10.6,1.1,0.3,25,62,1,1014.3,22.1,45,4.7,0,1
2025/2/17 16:00,1,1.5,0.39,64,58,67,25,10,10.7,1,0.3,25,62,1,1014.3,20.4,48,3.4,0,1
2025/2/17 17:00,1,1.8,0.43,62,60,62,39,11,12.1,1,0.3,28,63,1,1014.8,19.6,51,2.3,0,0.8
2025/2/17 18:00,1,1.4,0.49,61,60,67,32,13,13.7,0.8,0.3,29,64,1,1015.5,18.5,55,2.5,0,0
2025/2/17 19:00,1,1.4,0.53,62,60,76,44,13,14,0.6,0.4,32,67,1,1016,17.9,58,3,0,0
2025/2/17 20:00,1,1.6,0.49,63,60,76,41,13,13.3,0.7,0.4,35,69,1,1016.7,17.5,60,1.3,0,
2025/2/17 21:00,1,1.5,0.49,62,61,75,44,13,14,0.7,0.4,36,71,1,1017.4,17.5,60,1.6,0,
2025/2/17 22:00,1,1.3,0.48,63,62,65,43,12,13.2,0.7,0.4,38,71,1,1017.8,18,59,1.6,0,
2025/2/17 23:00,1,0.9,0.44,63,62,71,51,10,11.1,0.6,0.4,40,70,1,1018.2,18.1,59,2.1,0,
2025/2/18 00:00,1,0.9,0.48,62,62,88,55,10,10.8,0.6,0.4,43,72,1,1018.3,17.7,66,3,0,
2025/2/18 01:00,1,1.2,0.44,62,62,79,49,10,10.9,0.5,0.4,44,73,1,1019.1,16.7,71,3.2,0,
2025/2/18 02:00,1,2.2,0.35,60,62,61,32,10,10.7,1.1,0.4,43,72,1,1018.9,15.8,79,2.2,T,
2025/2/18 03:00,1,1.9,0.29,56,61,42,24,7,7.7,1.1,0.4,40,68,1,1017.8,15.4,82,2.1,0,
2025/2/18 04:00,1,1.8,0.29,50,60,35,21,7,8,1.1,0.4,36,60,1,1018,15.5,81,1.9,0,
2025/2/18 05:00,1,1.8,0.26,47,58,18,13,7,8.1,1,0.3,30,50,1,1018.4,15.6,80,2.4,0,
2025/2/18 06:00,1,2,0.23,44,55,14,10,7,8,1,0.3,26,42,1,1019,15.6,78,2.2,0,0
2025/2/18 07:00,1,2.2,0.22,40,52,13,11,8,9.7,1.2,0.3,23,36,1,1019.8,15.6,78,3,0,0
2025/2/18 08:00,1,2.5,0.28,34,49,15,10,13,14.3,1.4,0.2,21,31,1,1020.1,15.8,78,2.4,0,0
2025/2/18 09:00,1,2.3,0.28,34,45,17,12,14,15.9,1.8,0.2,19,28,1,1020.9,16.1,79,2.1,0,0
2025/2/18 10:00,1,2.4,0.28,32,42,21,10,15,17.9,2.5,0.2,18,28,1,1020.8,16.7,78,2.6,0,0
2025/2/18 11:00,1,2,0.26,34,39,13,9,14,17.4,2.9,0.2,16,25,1,1020.3,16.8,76,2.6,0,0
2025/2/18 12:00,1,2.1,0.25,37,38,16,11,12,15,3,0.2,14,22,1,1019.1,17.3,74,2.9,0,0
2025/2/18 13:00,0,2.1,0.24,38,37,12,9,11,14.4,3,0.2,12,19,1,1018.2,18,71,3.7,0,0.2
2025/2/18 14:00,0,2.5,0.21,40,36,12,6,10,12.4,2.8,0.2,10,16,1,1017.7,17.6,69,3.6,0,0
2025/2/18 15:00,0,2.6,0.21,39,36,13,3,10,12.5,2.4,0.2,9,14,1,1017.8,17.5,66,4.2,0,0.2
2025/2/18 16:00,0,2.5,0.21,36,36,26,4,12,14.1,2.2,0.2,7,15,1,1017.9,16.5,75,3.1,0,0
2025/2/18 17:00,0,2.2,0.23,36,37,21,7,12,14,2.2,0.2,7,17,1,1017.4,16.5,73,2.4,0,0
2025/2/18 18:00,0,2,0.27,34,37,18,9,13,14.6,1.8,0.2,7,17,1,1018.1,15.6,77,3.5,0,0
2025/2/18 19:00,0,2.4,0.28,34,37,13,6,13,14.8,1.4,0.2,7,17,1,1018.4,15.5,76,4,0,0
2025/2/18 20:00,0,2.2,0.28,36,37,10,13,11,12.1,1.2,0.2,8,15,1,1018.5,15.3,77,2.3,0,
2025/2/18 21:00,0,2,0.27,37,37,8,8,10,11,1.1,0.2,8,13,2,1018.9,15.2,78,3.2,0,
2025/2/18 22:00,0,2.2,0.26,38,36,7,4,9,10,1.1,0.2,8,11,2,1019,15.1,79,1.8,0,
2025/2/18 23:00,0,2.4,0.24,39,36,6,3,7,8.5,1.1,0.2,7,10,2,1019.3,15.2,78,1.9,0,
2025/2/19 05:00,0,1.5,0.19,46,42,4,6,4,3.9,0.4,0.2,6,7,2,1018.7,15.1,78,2.7,0,
2025/2/19 04:00,0,1.5,0.18,46,41,8,8,4,4.1,0.2,0.2,6,8,2,1018.7,15.1,76,2.8,0,
2025/2/19 00:00,0,2.6,0.23,39,37,3,2,7,8.1,1.1,0.2,5,9,2,1018,15.4,72,1.7,0,
2025/2/19 08:00,0,1,0.31,38,44,7,7,11,11.6,0.5,0.2,6,6,2,1017.5,15.5,71,2.4,0,
2025/2/19 01:00,0,2.7,0.21,42,37,8,3,6,7.6,1.1,0.2,4,9,2,1017.1,15.3,73,2.9,0,
2025/2/19 02:00,0,1.9,0.19,44,39,7,7,6,6.1,0.6,0.2,5,8,2,1017.5,15.6,72,1.4,0,
2025/2/19 03:00,0,1.7,0.18,45,40,8,6,5,5,0.3,0.2,5,8,2,1018.6,15.8,71,1.4,0,0
2025/2/19 06:00,0,1.4,0.2,44,43,9,4,5,5.5,0.4,0.2,6,7,2,1019.3,15.9,73,1.2,0,0
2025/2/19 07:00,0,1.2,0.22,43,44,8,7,7,7.2,0.5,0.2,6,7,2,1019.7,16.1,72,1.5,0,0
2025/2/19 09:00,0,1.2,0.32,37,43,12,5,13,13.5,0.8,0.2,5,8,2,1020,16.5,71,2.3,0,0
2025/2/19 10:00,0,1.2,0.3,36,42,11,8,13,14.6,1.2,0.2,6,8,1,1019.9,17,69,2.4,0,0
2025/2/19 11:00,0,1.3,0.26,37,41,19,10,13,14.7,1.5,0.2,7,10,1,1019.1,17.7,68,2.6,0,0
2025/2/19 12:00,0,,,,40,11,8,,,,0.2,7,11,1,1018.3,18.5,66,2.7,0,0
2025/2/19 13:00,0,1.4,0.22,43,40,11,4,7,9,1.6,0.2,7,11,1,1016.8,20.3,62,2.6,0,0.9
2025/2/19 14:00,0,1.4,0.22,44,40,8,8,7,8.4,1.7,0.2,7,10,1,1016.1,21.4,59,1.9,0,1
2025/2/19 15:00,0,1.7,0.23,43,40,11,6,8,9.6,1.5,0.2,7,10,1,1016.3,20.5,62,2.7,0,0.2
2025/2/19 16:00,0,1.5,0.24,40,40,10,6,9,10.5,1.3,0.2,6,10,1,1016.5,20,65,1.8,0,0.2
2025/2/19 17:00,0,1.4,0.26,36,40,10,6,10,11.8,1.2,0.2,6,10,1,1016.4,19.1,69,2.3,0,0.2
2025/2/19 18:00,0,1.4,0.32,30,39,11,5,15,16.2,0.9,0.2,6,10,1,1016.6,18.2,73,1.7,0,0
2025/2/19 19:00,0,1,0.37,26,38,11,6,17,18,0.7,0.2,6,10,1,1017,17.7,74,0.9,0,0
2025/2/19 20:00,0,1.2,0.35,28,36,7,8,15,15.7,0.6,0.2,6,10,1,1017.4,17.4,76,0.5,0,
2025/2/19 21:00,0,0.9,0.34,27,34,9,11,15,15.5,0.6,0.2,7,10,1,1017.8,17.2,76,0.9,0,
2025/2/19 22:00,0,1.3,0.37,25,32,8,8,17,17.5,0.6,0.3,8,9,1,1017.9,16.7,79,0.9,0,
2025/2/19 23:00,0,1.1,0.33,26,30,11,9,14,14.5,0.5,0.3,8,9,1,1018,16.2,83,0.2,0,
2025/2/20 00:00,0,0.9,0.37,18,27,10,9,16,16.7,0.6,0.3,8,9,1,1018.1,15.4,88,0.3,0,
2025/2/20 01:00,0,1.2,0.32,19,25,14,9,15,15.8,0.5,0.3,8,10,1,1018.2,15.3,89,0.2,0,
2025/2/20 02:00,0,1.6,0.34,8,22,17,15,19,20.9,1.5,0.3,9,11,1,1018.1,15.4,89,0.2,0,
2025/2/20 03:00,0,1.6,0.33,2,19,21,14,20,23,2.6,0.3,10,13,1,1018,15.4,90,0.3,0,
2025/2/20 04:00,0,1.4,0.3,4,16,26,16,18,20.1,1.8,0.3,12,16,1,1017.9,15.6,91,0.3,0,
2025/2/20 05:00,1,1.8,0.3,10,14,25,19,16,17.2,1.2,0.3,13,18,1,1018.2,15.7,92,0.3,0,
2025/2/20 06:00,1,2,0.33,8,12,37,19,17,18.5,1.5,0.3,14,21,1,1018.6,16.1,91,0.5,0,0
2025/2/20 07:00,1,1.3,0.35,8,10,47,31,17,18.5,1.7,0.3,18,26,1,1019.5,16.2,91,0.3,0,0
2025/2/20 08:00,1,1.4,0.46,11,9,51,28,17,20.6,3.4,0.3,20,31,1,1020,16.6,89,0.6,0,0
2025/2/20 09:00,1,1.6,0.47,9,7,50,35,19,25.3,6.2,0.3,23,36,1,1019.9,17.1,86,0.4,0,0
2025/2/20 10:00,1,1.5,0.49,16,8,50,33,18,26.7,8.5,0.3,26,39,1,1019.4,19.2,76,1.3,0,0.3
2025/2/20 11:00,1,1.7,0.41,29,12,50,28,18,23,5,0.3,26,41,1,1018.7,19.4,74,0.6,0,0.2
2025/2/20 12:00,1,1.9,0.32,42,17,38,24,12,14.1,2.4,0.3,26,41,1,1017.6,21.1,69,2,0,0.5
2025/2/20 13:00,1,2.5,0.32,48,21,37,22,12,14.2,2.1,0.3,25,40,1,1016.7,21.2,72,1.5,0,0.2
2025/2/20 14:00,1,2,0.26,52,27,27,14,9,10.2,1.3,0.3,23,38,1,1016.1,20.3,76,2.9,0,0.1
2025/2/20 15:00,1,1.7,0.25,50,32,29,16,8,9,1.3,0.3,21,35,1,1016,19.8,77,3.7,0,0.2
2025/2/20 16:00,1,1.7,0.24,48,37,18,3,7,8.2,1.1,0.3,18,33,1,1015.9,19.7,78,2.1,0,0.2
2025/2/20 17:00,1,1.4,0.29,43,41,19,8,9,10.4,1,0.3,16,30,1,1016.3,19.2,79,1.9,0,0
2025/2/20 18:00,1,1.3,0.29,41,44,16,10,11,11.4,0.8,0.2,15,28,1,1017.1,18.4,85,2.9,0,0
2025/2/20 19:00,1,1.2,0.27,42,46,20,11,8,9,0.6,0.2,14,26,1,1017.9,17.8,88,3.1,0,0
2025/2/20 20:00,1,1.1,0.26,43,46,21,9,7,7.5,0.5,0.2,14,25,1,1018.5,17.1,90,3.2,T,
2025/2/20 21:00,0,1.1,0.21,43,45,7,7,6,6.5,0.6,0.2,12,21,1,1018.8,16.9,88,3.2,0,
2025/2/20 22:00,0,1.1,0.2,41,44,8,7,6,7.1,0.5,0.2,11,19,1,1019,17.1,86,2.3,0,
2025/2/20 23:00,0,1.1,0.2,40,43,10,8,7,7.7,0.7,0.2,10,16,1,1019.3,16.8,86,3.5,0,
2025/2/21 00:00,0,1.2,0.18,41,42,12,11,6,6.4,0.5,0.2,9,13,1,1019.8,16.7,87,2.4,0,
2025/2/21 01:00,0,1.1,0.18,44,42,7,6,4,4.6,0.4,0.2,8,12,1,1019.6,15.5,93,3.3,T,
2025/2/21 02:00,0,0.9,0.19,44,42,0,4,4,4.3,0.7,0.2,8,10,1,1019.5,14.9,94,2.3,T,
2025/2/21 03:00,0,1.2,0.18,43,42,0,8,4,4.1,0.5,0.2,7,8,1,1019.7,14.8,94,1.5,T,
2025/2/21 04:00,0,1.3,0.17,43,42,3,6,3,3.6,0.5,0.1,7,6,1,1019.9,14.8,95,1.8,T,
2025/2/21 05:00,0,1.7,0.19,41,42,5,5,4,4.2,0.5,0.1,7,5,1,1020.1,14.9,92,0.9,T,
2025/2/21 06:00,0,1.6,0.2,41,42,5,5,4,4.6,0.7,0.1,7,5,1,1021.1,14.4,93,2.5,T,0
2025/2/21 07:00,0,1.8,0.19,41,42,13,6,5,5.3,0.6,0.1,6,7,1,1021.1,14.3,91,3.1,0.5,0
2025/2/21 08:00,0,1.8,0.25,38,42,9,5,8,8.6,0.6,0.1,6,7,1,1021.3,14.9,87,2.7,0,0
2025/2/21 09:00,0,2.2,0.26,39,41,8,2,9,9.8,0.7,0.2,5,7,1,1022,14.9,88,3.4,T,0
2025/2/21 10:00,0,1.9,0.24,38,40,7,3,10,11.1,1.3,0.2,5,7,1,1021.9,14.9,88,3.3,T,0
2025/2/21 11:00,0,2.1,0.24,38,40,6,5,10,11.5,1.3,0.2,5,6,1,1021.6,15.6,85,3.3,T,0
2025/2/21 12:00,0,2.2,0.24,39,39,10,4,10,11.1,1.3,0.2,4,6,1,1021.2,15.9,82,4.3,T,0
2025/2/21 13:00,0,1.5,0.24,42,40,7,6,8,9.7,1.4,0.2,5,6,1,1020.1,15.7,83,3.9,0,0
2025/2/21 14:00,0,1.5,0.23,43,40,6,8,8,9.1,1.2,0.2,6,6,1,1019.6,16.4,78,3.7,0,0
2025/2/21 15:00,0,1.3,0.23,45,40,11,7,7,8.5,1.1,0.2,6,8,1,1019.9,16.2,80,3.8,0,0.1
2025/2/21 16:00,0,1.3,0.24,45,41,9,3,7,8.3,0.9,0.2,5,8,1,1019.7,15.6,83,3.4,0,0
2025/2/21 17:00,0,1.8,0.25,41,41,7,6,10,10.8,1,0.2,6,8,1,1020.1,15.2,82,4.4,0,0
2025/2/21 18:00,0,1.9,0.29,39,41,12,6,12,12.3,0.8,0.2,5,9,1,1020.9,14.9,81,4.1,0,0
2025/2/21 19:00,0,2.1,0.28,39,42,12,8,11,11.5,0.6,0.2,6,9,1,1020.7,14.8,82,3,0,0
2025/2/21 20:00,0,1.9,0.3,38,41,8,5,10,10.4,0.5,0.2,6,9,1,1021.1,15.1,79,3.6,0,
2025/2/21 21:00,0,2.2,0.31,35,41,8,9,12,12.9,0.6,0.2,6,9,1,1021.4,14.9,79,4.1,0,
2025/2/21 22:00,0,2.2,0.29,36,40,9,9,11,12,0.7,0.2,7,9,1,1021.5,14.8,80,3,0,
2025/2/21 23:00,0,2,0.27,37,39,6,5,9,9.6,0.6,0.2,7,8,1,1021.3,14.9,79,4.6,0,
2025/2/22 00:00,0,2.3,0.23,40,38,5,5,7,7.4,0.5,0.2,7,7,1,1021,14.8,79,2.8,0,
2025/2/22 01:00,0,2.3,0.23,41,38,6,5,6,6.4,0.5,0.2,6,7,1,1021,14.7,80,2.9,0,
2025/2/22 02:00,0,1.6,0.22,40,38,5,5,6,5.8,0,0.2,6,6,1,1020.6,14.7,80,2.2,0,
2025/2/22 03:00,0,1.6,0.22,39,38,3,8,6,5.7,0.1,0.2,6,6,1,1020,14.9,80,2,0,
2025/2/22 04:00,0,1.6,0.21,40,39,4,6,5,5.2,0.2,0.2,6,5,1,1019.8,15.1,80,1.8,0,
2025/2/22 05:00,0,1.7,0.22,40,39,10,8,5,5.1,0.2,0.2,7,6,1,1019.8,15.1,79,2.6,0,
2025/2/22 06:00,0,1.7,0.23,40,40,9,5,5,5.6,0.2,0.2,7,6,1,1020.4,15.1,80,1.9,0,0
2025/2/22 07:00,0,1.7,0.24,40,40,13,10,6,6.6,0.2,0.2,7,8,1,1020.5,15.4,79,1.9,0,0
2025/2/22 08:00,0,1.5,0.26,40,40,11,17,7,7.6,0.5,0.2,9,9,1,1020.3,16.8,74,2,0,0.9
2025/2/22 09:00,0,1.4,0.27,39,40,8,2,7,7.8,0.9,0.2,8,8,1,1019,18.4,67,2.9,0,1
2025/2/22 10:00,0,0.9,0.28,39,40,7,3,6,7.6,1.2,0.2,7,8,1,1019.3,20.5,61,2,0,1
2025/2/22 11:00,0,0.7,0.31,42,40,11,0,8,9,1.4,0.2,6,8,1,1019.6,20.6,59,2.9,0,0.7
2025/2/22 12:00,0,0.5,0.32,44,41,8,5,8,9.2,1.4,0.2,4,8,1,1018.7,21,60,3.7,0,0.2
2025/2/22 13:00,0,0.7,0.32,43,41,13,12,8,9.8,1.7,0.2,6,9,1,1018.7,20.3,63,3.1,0,0.1
2025/2/22 14:00,0,1,0.3,42,41,12,9,8,9.3,1.5,0.2,7,10,1,1017.7,19.4,68,4.1,0,0.4
2025/2/22 15:00,0,0.8,0.3,40,41,9,9,8,9,1,0.2,8,10,1,1017.6,18.4,71,3.5,0,0
2025/2/22 16:00,0,0.7,0.31,38,41,8,5,10,10.9,0.9,0.3,8,10,1,1017.6,18,73,2.9,0,0
2025/2/22 17:00,0,0.4,0.32,36,41,11,6,11,12,0.7,0.3,7,10,1,1018.6,17.3,74,3.4,0,0
2025/2/22 18:00,0,0.5,0.33,37,40,7,10,12,12,0.3,0.3,7,9,1,1019.3,16.9,75,3,0,0
2025/2/22 19:00,0,0.5,0.32,36,40,7,7,12,12,0.3,0.3,7,8,1,1019.6,16.6,76,2.4,0,0
2025/2/22 20:00,0,0.6,0.32,36,39,7,6,11,11.2,0.4,0.3,7,8,1,1020.3,16.6,77,2.1,0,
2025/2/22 21:00,0,0.8,0.3,36,38,5,10,11,11.2,0.4,0.3,8,7,1,1021.3,16.7,78,2.6,0,
2025/2/22 22:00,0,0.8,0.26,39,37,13,11,8,8.1,0.2,0.3,8,8,1,1021.7,16.2,84,2.7,0,
2025/2/22 23:00,0,0.6,0.24,40,37,9,7,8,7.7,0.2,0.3,8,8,1,1021.8,15.8,86,2.4,0,
2025/2/23 00:00,0,0.7,0.22,41,38,9,11,6,6.4,0.1,0.2,9,9,1,1021.5,15.5,87,2.6,0,
2025/2/23 01:00,0,0.9,0.22,40,38,7,9,6,6.1,0.2,0.2,9,9,0,1021.6,15.3,86,3,T,
2025/2/23 02:00,0,1.4,0.21,41,39,9,8,6,6.3,0.4,0.2,8,8,0,1021.4,15.4,88,2.4,T,
2025/2/23 03:00,0,1.1,0.2,43,40,9,4,4,4.8,0.4,0.2,8,8,0,1021,15.1,89,2.9,T,
2025/2/23 04:00,0,1.5,0.2,42,40,6,5,4,4.8,0.6,0.2,7,8,0,1021.4,15.2,90,2.2,T,
2025/2/23 05:00,0,1.7,0.2,43,41,5,3,3,4,0.7,0.2,6,7,0,1021.5,14.7,93,2.1,T,
2025/2/23 06:00,0,1.6,0.21,42,42,4,5,3,3.6,0.3,0.2,6,6,0,1023,15,94,2,T,0
2025/2/23 07:00,0,1.5,0.22,42,42,3,8,4,4.1,0.4,0.2,6,5,0,1023.9,14.9,93,1.2,0.5,0
2025/2/23 08:00,0,1.5,0.24,42,42,1,6,5,5.8,0.5,0.2,6,4,0,1024.8,14.9,94,2.6,1.5,0
2025/2/23 09:00,0,1.8,0.26,42,42,0,4,6,6.7,0.7,0.2,6,4,0,1025.1,14.8,92,2.2,0.5,0
2025/2/23 10:00,0,1.8,0.26,44,43,0,7,6,6.3,0.6,0.2,6,3,1,1025.3,15.3,90,2.7,1,0
2025/2/23 11:00,0,1.9,0.27,46,43,6,6,6,6.3,0.8,0.2,6,3,1,1024.5,15.3,87,3.1,T,0
2025/2/23 12:00,0,1.9,0.29,46,44,6,6,6,6.4,0.8,0.2,6,3,1,1023.5,15.5,88,4.1,0.5,0
2025/2/23 13:00,0,1.8,0.3,46,44,4,7,7,8.4,1.1,0.2,6,4,1,1022.8,15.5,86,3.1,T,0
2025/2/23 14:00,0,1.8,0.29,48,45,6,5,5,6.3,1,0.2,6,4,1,1022.6,15.3,85,4.3,0,0
2025/2/23 15:00,0,1.7,0.29,48,45,6,5,5,5.9,0.8,0.2,6,4,1,1022.9,14.9,85,4.2,0,0
2025/2/23 16:00,0,1.6,0.29,47,46,10,10,6,6.2,0.7,0.2,6,5,1,1023.1,14.5,86,3.9,0,0
2025/2/23 17:00,0,1.6,0.29,46,46,8,6,6,6.4,0.6,0.2,6,6,1,1023.8,14,88,3.5,T,0
2025/2/23 18:00,0,1.6,0.29,45,46,9,7,6,6.7,0.6,0.2,7,6,1,1024.2,13.4,89,5.2,T,0
2025/2/23 19:00,0,1.9,0.29,45,46,8,4,6,7,0.6,0.2,6,7,1,1024.2,13.5,86,3.1,T,0
2025/2/23 20:00,0,2.4,0.29,45,46,10,3,6,7,0.5,0.2,5,7,1,1025.1,13.9,83,3.9,0,
2025/2/23 21:00,0,2.6,,44,46,6,6,6,6.7,0.7,,6,7,1,1025.8,14,81,3.7,0,
2025/2/23 22:00,0,2.3,0.28,45,46,5,9,5,5.8,0.5,,6,7,1,1026.2,13.6,83,2.9,0,
2025/2/23 23:00,0,2.2,0.28,45,45,7,8,5,5.2,0.5,,6,7,1,1026.4,13.6,84,3.1,0,
2025/2/24 00:00,0,2.5,0.27,45,45,5,4,4,5.1,0.5,,6,6,1,1026,13.6,81,3.4,0,
2025/2/24 01:00,0,2.7,0.27,45,45,3,1,4,4.7,0.5,0.2,6,5,1,1025.6,13.4,83,3.5,0,
2025/2/24 02:00,0,2.1,0.26,44,45,5,5,4,4.6,0.9,0.2,5,5,1,1025.4,13.3,83,4.2,0,
2025/2/24 03:00,0,2.1,0.26,44,45,9,5,4,4.3,0.7,0.2,5,6,1,1025.3,13.1,83,3.7,0,
2025/2/24 04:00,0,2.1,0.26,44,45,6,5,4,4.5,0.8,0.2,5,6,1,1025.4,13.1,81,3.4,0,
2025/2/24 05:00,0,2.3,0.26,45,45,12,5,4,4.7,0.8,0.2,5,7,1,1026,12.8,87,3.2,0,
2025/2/24 06:00,0,2.3,0.28,46,45,14,12,4,5.2,0.8,0.2,6,8,2,1027,12.4,87,4.3,T,0
2025/2/24 07:00,0,2,0.29,46,45,11,12,5,5.7,0.7,0.2,7,9,2,1027.8,12,88,3.8,T,0
2025/2/24 08:00,0,2.5,0.33,42,45,17,16,7,7.9,0.6,0.2,9,10,2,1028.1,12.1,88,3.9,T,0
2025/2/24 09:00,0,2.3,0.34,40,44,16,9,9,10.3,1,0.2,10,11,2,1028.3,12.8,81,4.4,0,0
2025/2/24 10:00,0,2.6,0.34,41,44,20,17,9,10.8,1.4,0.2,11,13,2,1028.1,13.2,78,3.5,0,0
2025/2/24 11:00,0,2.7,0.37,41,43,27,17,11,13,2,0.3,12,16,2,1027.4,13.7,73,3.5,0,0
2025/2/24 12:00,1,2.3,0.39,42,43,34,23,12,14.1,2.2,0.3,14,19,2,1026.5,14.7,67,4.1,0,0
2025/2/24 13:00,1,1.9,0.39,43,43,34,25,11,12.7,1.9,0.3,16,22,2,1025.5,15.1,62,2.7,0,0
2025/2/24 14:00,1,1.6,0.37,45,42,32,21,9,11.5,2,0.3,18,25,2,1024.5,14.9,64,4.5,0,0
2025/2/24 15:00,1,1.2,0.36,44,42,32,23,8,10.4,1.8,0.3,19,27,2,1024,14.6,66,4.4,0,0
2025/2/24 16:00,1,1,0.37,44,42,33,20,9,11.1,2,0.3,19,28,2,1023.6,14.5,65,3.5,0,0.7
2025/2/24 17:00,1,1.3,0.38,44,43,34,19,11,12.5,1.8,0.3,19,29,2,1023.1,13.6,69,4.5,0,1
2025/2/24 18:00,1,1.3,0.38,45,43,29,20,10,10.5,0.9,0.3,20,29,2,1022.9,13,71,3.6,0,0
2025/2/24 19:00,1,1.5,0.4,43,44,27,21,10,11.1,0.8,0.3,20,29,2,1023.4,12.8,72,4.3,0,0
2025/2/24 20:00,1,1.9,0.37,44,44,29,21,10,10.7,0.8,0.3,20,29,2,1024.3,12.8,73,3.5,0,
2025/2/24 21:00,1,2.2,0.35,46,44,20,22,8,9.4,0.9,0.3,21,27,2,1024.5,12.9,74,2.8,0,
2025/2/24 22:00,1,2.3,0.33,46,44,23,21,8,9,0.8,0.3,21,27,2,1025.1,13.3,73,3.4,0,
2025/2/24 23:00,1,2.4,0.31,46,45,23,,8,8.9,0.6,0.3,21,26,2,1024.7,13.6,72,2.7,0,
2025/2/25 00:00,1,2.2,0.29,46,45,24,18,7,7.7,0.7,0.3,21,25,2,1023.9,13.9,71,2.3,0,
2025/2/25 01:00,1,2.1,0.26,45,45,16,13,6,7.2,0.8,0.3,19,24,2,1022.9,14.2,71,2.9,0,
2025/2/25 02:00,1,1.8,0.26,45,45,16,10,6,6.3,0.4,0.3,16,22,1,1022,14.1,72,1.8,0,
2025/2/25 03:00,1,2,0.27,43,45,13,11,6,6.1,0.3,0.3,15,20,1,1021.5,14.1,73,0.9,0,
2025/2/25 04:00,1,1.7,0.26,42,45,10,9,5,5.3,0,0.2,14,17,1,1021.3,14.3,72,0.9,0,
2025/2/25 05:00,1,1.8,0.27,40,44,10,18,5,5.6,0.2,0.2,14,16,1,1021.9,14.3,73,0.4,0,
2025/2/25 06:00,1,1.4,0.28,37,43,10,13,7,6.8,0.1,0.2,14,14,1,1022.8,14.2,76,0.8,0,0
2025/2/25 07:00,1,1.7,0.32,32,41,21,10,12,11.9,0.4,0.2,14,15,1,1023.5,14.5,73,0.9,0,0
2025/2/25 08:00,1,1.6,0.41,30,39,14,9,15,15.4,0.7,0.2,13,15,1,1024.1,14.8,74,0.8,0,0
2025/2/25 09:00,3,1.7,0.48,22,36,25,14,24,27,3.2,0.3,12,17,1,1024.6,15.5,72,1,0,0
2025/2/25 10:00,0,1.1,0.47,25,34,30,14,20,25,5,0.3,12,20,1,1023.6,17.6,68,1.1,0,0.5
2025/2/25 11:00,1,1,0.43,29,32,25,16,17,22.4,5.3,0.3,13,20,1,1023,19.3,62,0.6,0,1
2025/2/25 12:00,1,0.9,0.49,36,31,30,22,19,24.3,5.2,0.3,15,22,1,1022,20.4,57,0.9,0,1
2025/2/25 13:00,1,1.5,0.45,50,33,37,23,17,20.3,3.2,0.4,16,25,1,1020.9,20.6,61,1.7,0,1
2025/2/25 14:00,1,1.6,0.38,65,36,34,29,13,14.4,1.5,0.4,19,26,1,1020.1,19.7,60,2,0,0.9
2025/2/25 15:00,1,1.7,0.36,72,41,37,21,11,11.8,0.9,0.4,20,29,1,1020,19.1,62,2.3,0,0.9
2025/2/25 16:00,1,1.2,0.3,62,45,38,14,9,9.5,0.6,0.4,19,31,1,1020.9,17.2,78,1.7,0,0.8
2025/2/25 17:00,1,0.7,0.34,61,50,53,36,9,9.4,0.4,0.4,22,35,1,1021.5,14.9,84,1.4,0,0
2025/2/25 18:00,1,1,0.37,59,54,62,47,11,11.6,0.4,0.3,25,40,1,1021.6,14.6,85,1,0,0
2025/2/25 19:00,1,0.7,0.4,56,57,62,37,12,12.7,0.3,0.3,28,45,1,1021.8,15,85,0.6,0,0
2025/2/25 20:00,1,0.6,0.37,56,60,67,42,11,11.3,0.1,0.3,33,51,1,1021.9,14.9,86,1,0,
2025/2/25 21:00,1,0.7,0.39,54,60,68,35,11,10.9,0.2,0.3,34,55,1,1022.3,14.9,86,0.1,0,
2025/2/25 22:00,1,1.2,0.41,52,59,68,38,11,11.5,0.1,0.3,34,57,1,1022.5,15.2,85,0.3,0,
2025/2/25 23:00,1,1.3,0.38,50,56,65,35,11,11.2,0.2,0.3,34,59,1,1023,15.2,86,0.9,0,
2025/2/26 00:00,1,1.4,0.3,54,55,58,27,9,8.9,0.2,0.3,33,59,1,1022.7,15.2,87,0.1,T,
2025/2/26 02:00,1,1.4,0.26,52,53,47,18,6,7.5,1.1,0.3,30,55,1,1022.2,15.2,89,0.4,T,
2025/2/26 01:00,1,1.3,0.3,53,54,49,33,8,7.9,0.2,0.3,33,57,1,1021.7,15.3,92,0.2,T,
2025/2/26 03:00,1,1.2,0.23,44,52,47,17,7,7.7,1,0.3,28,53,1,1021.3,15.2,91,0.5,T,
2025/2/26 05:00,1,1.3,0.22,40,48,54,24,6,7.4,0.9,0.2,26,53,1,1020.7,15.2,92,1.1,T,
2025/2/26 04:00,1,1.2,0.22,41,50,51,21,6,7.4,1,0.3,27,53,1,1021,15.2,93,0.3,T,
2025/2/26 06:00,1,1.4,0.25,36,46,59,18,8,8.7,1,0.2,24,55,1,1021.7,15,95,0.2,T,0
2025/2/26 07:00,1,1.3,0.28,33,44,52,23,9,10.1,1.1,0.2,24,55,1,1021.8,15.2,95,0.1,0.5,0
2025/2/26 08:00,1,1.4,0.47,16,40,67,32,22,24.3,2.1,0.2,26,57,1,1022.1,15.5,94,0.6,T,0
2025/2/26 09:00,1,1.4,0.58,8,34,65,30,31,36.3,5,0.3,26,58,1,1022.6,15.9,94,0.5,T,0
2025/2/26 10:00,1,1.2,0.37,24,30,30,16,19,22.3,3,0.3,25,53,1,1022.3,15.9,96,0.7,T,0
2025/2/26 11:00,1,,,20,27,14,17,,,,0.3,23,46,1,1021.2,16.5,95,1.3,0.5,0
2025/2/26 12:00,1,,,,25,15,,,,,0.3,22,38,1,1020.3,17.6,90,1.8,0,0
2025/2/26 13:00,1,2.4,0.27,,23,,7,14,16.3,2.7,0.3,17,32,1,1019.1,17.9,87,2.3,T,0
2025/2/26 14:00,1,1.4,0.25,28,21,8,7,10,12.2,1.7,0.3,15,27,1,1017.8,18.3,86,2.4,0,0
2025/2/26 15:00,0,1,0.23,34,22,12,5,9,10.6,1.7,0.3,12,25,1,1017.7,18,86,2.7,0,0
2025/2/26 16:00,1,0.9,0.24,34,24,33,17,9,10.8,1.7,0.3,13,27,1,1017.6,17.5,88,2.8,T,0
2025/2/26 17:00,1,1.2,0.26,36,29,23,7,10,11.7,1.4,0.2,13,26,1,1017.3,17.4,88,1.6,0,0
2025/2/26 18:00,0,1.4,0.3,35,31,24,7,11,12.4,1.2,0.2,12,27,1,1017.7,17.3,89,1.5,0,0
2025/2/26 19:00,1,1.6,0.35,31,33,27,17,13,13.8,1,0.2,13,27,1,1017.7,17.2,91,1,0,0
2025/2/26 20:00,0,1.7,0.37,28,32,30,14,14,15.2,1.1,0.2,12,25,1,1017.8,17.4,91,0.5,0,
2025/2/26 21:00,0,1.4,0.41,22,31,38,9,16,17.7,1.1,0.3,11,26,1,1017.9,17.5,91,0.5,0,
2025/2/26 22:00,0,1.3,0.37,26,31,23,12,16,16.9,1.2,0.3,12,25,1,1018.3,17.5,91,0.3,0,
2025/2/26 23:00,0,1.2,0.37,25,29,22,13,15,15.6,0.9,0.3,11,25,1,1018.1,17.3,92,0.9,0,
2025/2/27 00:00,0,1.1,0.24,36,30,20,7,8,9.2,1,0.3,10,24,1,1017.6,16.8,94,0.7,0,
